hotel,zip_code,numRev,Score,Cleanliness,Comfort,Facilities,Staff,Value for money,Free WiFi,Location,good Fitness Center,Daily Housekeeping,Heating,Fitness Center,Room Service,Family Rooms,Parking,Airport Shuttle,Laundry,Free WiFi.1,Air Conditioning,Pet Friendly,Elevator,Facilities for Disabled Guests,Bar,Non-smoking Rooms,Restaurant,24-Hour Front Desk,WiFi,Dist,Label
Hotel Pennsylvania,10001,35615,5.6,5,4.9,4.7,5.6,5.2,6.3,8.3,0,0,0,1,0,0,0,0,0,1,0,1,0,1,1,1,1,0,0,1.4,1
Radisson Martinique on Broadway,10001,7925,8.2,8.5,8.1,7.9,8.1,7.5,8.5,9.2,0,0,0,1,0,1,1,0,0,1,0,1,0,0,1,1,0,0,0,1.4,0
Residence Inn by Marriott New York Manhattan/Times Square,10018,3537,8.3,8.2,8.2,8,8.4,7.5,8.5,9.4,0,0,0,1,0,1,1,0,0,1,0,1,0,0,1,1,0,0,0,1.1,0
MADE Hotel,10001,1192,9.1,9.4,9,8.9,9.4,8.5,9.6,9.4,0,0,0,0,1,0,1,0,0,1,0,1,0,0,1,1,1,0,0,1.6,0
LUMA Hotel - Times Square,10018,2212,9.2,9.5,9.3,9,9.3,8.3,9.1,9.7,0,0,0,1,0,1,1,0,0,1,0,0,0,0,1,1,1,0,0,1,0
"The Standard, High Line New York",10014,2822,8.3,8.7,8.3,8.2,8.3,7.2,8.4,9.2,1,0,0,0,0,0,1,0,0,1,0,1,0,0,1,1,1,0,0,2.3,0
citizenM New York Times Square,10019,5323,9.2,9.5,9.1,9.2,9.4,8.3,9.6,9.7,1,0,0,0,0,0,0,0,0,1,0,0,0,1,1,1,1,1,0,2600,0
Gansevoort Meatpacking,10014,1863,8.3,8.6,8.3,8.1,8.4,7.3,8.9,9.1,1,0,0,0,0,1,1,0,0,1,0,0,0,0,1,1,0,0,0,2.3,0
Courtyard by Marriott New York Manhattan/Central Park,10019,5459,8,8.2,8.1,7.7,7.9,7.2,8.4,9.1,1,0,0,0,0,1,1,0,0,1,0,1,0,0,1,1,0,0,0,1500,0
"The Langham, New York, Fifth Avenue",10018,1143,9.2,9.5,9.4,9,9.5,8.3,9.3,9.5,0,0,0,0,0,1,1,0,0,1,0,1,0,0,1,1,0,0,0,1.2,0
Hyatt Centric Times Square New York,10036,4283,8.7,9.1,9,8.6,8.5,7.8,9.1,9.5,0,0,0,0,0,1,1,0,0,1,0,0,0,0,1,1,0,0,0,0.7,0
The Assemblage John Street,10038,66,9.4,9.7,9.7,9.2,9.5,8.8,10,9.2,0,0,0,0,1,0,0,0,0,1,0,0,0,1,0,1,1,1,0,3.7,0
Splendid Apartment by Times SQ,10036,414,8,7.8,8.3,7.9,7.9,7.7,9.1,8.7,0,0,0,0,0,1,0,1,0,1,0,0,1,0,0,1,0,0,0,1,0
Warwick New York,10019,4010,8.4,8.6,8.5,8,8.3,7.5,8.2,9.4,0,0,0,1,0,1,1,0,0,1,0,0,0,0,1,1,1,0,0,2450,0
Radio City Apartments,10019,4036,8.5,8.6,8.2,8.1,8.5,8.3,9,9.6,0,0,0,0,0,1,0,0,1,1,0,0,1,0,0,1,0,1,0,3100,0
Crowne Plaza Times Square,10019,7333,8.2,8.3,8.3,7.9,8.1,7.2,8.4,9.3,1,0,0,0,0,1,1,0,0,1,0,1,0,0,1,1,0,0,0,2950,0
Executive Hotel Le Soleil New York,10018,2787,8.5,8.8,8.5,8.2,8.7,7.8,8.8,9.3,0,0,0,1,0,1,1,0,0,1,0,1,0,0,0,1,0,0,0,1.2,0
Hyatt Place New York/Midtown-South,10018,3458,8.6,8.7,8.5,8.2,8.8,7.9,8.8,9.3,0,0,0,1,1,1,1,0,0,1,0,0,0,0,0,1,0,0,0,1.2,0
InterContinental New York Times Square,10036,3175,8,8.2,8.3,7.8,7.7,7.1,7.6,8.9,1,0,0,0,0,0,1,0,0,1,0,1,0,0,1,1,1,0,0,0.8,0
AKA Central Park,10019,866,8.5,8.3,8.6,8.2,8.7,7.6,9.3,9.5,0,0,0,1,0,1,1,0,0,1,0,0,0,0,1,1,1,0,0,2300,0
Hyatt House New York/Chelsea,10001,1738,8.8,8.9,8.9,8.7,8.8,8.2,9,9.3,0,0,0,0,0,1,1,0,0,1,0,0,0,1,1,1,0,1,0,1.6,0
Archer Hotel New York,10018,1188,8.9,9.3,8.7,8.7,9.3,8,9.2,9.5,0,0,0,0,1,0,1,0,0,1,0,1,0,0,1,1,1,0,0,1.1,0
"The Beekman, a Thompson Hotel",10038,1937,9.3,9.6,9.4,9.3,9.5,8.7,9.4,9,0,0,0,0,0,1,1,0,0,1,0,1,0,0,1,1,0,0,0,3.7,0
New York Marriott Marquis,10036,3392,8.2,8.3,8.3,8,8.2,7,4.6,9.4,0,0,0,0,0,1,1,0,0,0,0,0,0,0,1,1,1,0,1,0.7,0
Cambria Hotel New York - Times Square,10036,3904,8.8,9.1,8.7,8.5,8.6,8.2,9.1,9.5,1,0,0,0,0,1,1,0,0,1,0,0,0,0,1,1,1,0,0,0.8,0
Broadway at Times Square Hotel,10036,3163,8.4,8.3,8.1,7.9,8.7,7.9,8.6,9.5,0,0,0,1,0,1,1,0,0,1,0,0,0,1,0,1,0,0,0,0.7,0
MOXY NYC Times Square,10018,2719,8.4,8.8,8,8.2,8.6,7.7,8.6,9.3,1,0,0,0,0,0,1,0,0,1,0,1,0,0,1,1,1,0,0,1.2,0
Nolitan Hotel SoHo - New York,10012,881,8.7,9.1,8.6,8.3,9.1,7.8,8.4,9.3,0,0,0,1,0,0,1,0,0,1,0,1,0,0,1,1,1,0,0,3.1,0
AKA Times Square,10036,802,8.8,8.7,8.9,8.5,9.2,7.9,9,9.5,1,0,0,0,0,1,0,1,0,1,0,0,0,0,0,1,0,1,0,0.8,0
Gramercy Townhouse,10003,11,9.5,9.6,9.8,9.6,9.8,8.6,9.6,9,0,0,1,0,0,1,0,1,0,1,0,0,0,0,0,1,0,0,0,2.2,0
Blakely New York Hotel,10019,2394,8.6,8.8,8.5,8,8.8,8,8.9,9.4,0,0,0,1,0,1,1,0,0,1,0,0,0,0,1,1,1,0,0,1800,0
Ace Hotel New York,10001,1619,8.3,8.6,8.1,8.2,8.6,7.5,9,9.1,0,0,0,1,0,1,1,0,0,1,0,1,0,0,1,1,0,0,0,1.6,0
"LIFE Hotel, NoMad",10001,1164,8.2,8.6,8,7.6,8.2,7.6,8.4,9,1,0,0,0,0,1,0,0,0,1,0,1,0,0,1,1,1,0,0,1.5,0
"Club Quarters Hotel, Opposite Rockefeller Center",10019,1959,8.1,8,7.8,7.6,8.2,7.4,8.9,9.5,1,0,0,0,0,1,1,0,0,1,0,0,0,0,1,1,1,0,0,0.6,0
Lombardy Hotel,10022,972,8.5,8.7,8.6,8.2,8.4,7.9,8.8,9.2,1,0,0,0,0,1,1,0,0,1,0,1,0,0,1,1,0,0,0,0.8,0
Arlo SoHo,10013,3957,8.7,9.3,8.4,8.7,9,8,9.2,8.8,0,0,0,0,0,0,1,0,0,1,0,0,0,1,1,1,1,1,0,3.1,0
TRYP by Wyndham Times Square South,10001,2792,8.4,8.5,8.4,8.1,8.4,8,8.7,8.9,0,0,0,1,0,1,1,1,0,1,0,0,0,0,1,1,0,0,0,1.2,0
Residence Inn by Marriott New York Manhattan/Central Park,10019,1930,8.3,8.2,8.5,8.2,8.1,7.5,8.7,9.3,1,0,0,0,0,1,1,0,0,1,0,1,0,0,1,1,0,0,0,1500,0
Holiday Inn Express - Times Square South,10018,2902,8.3,8.4,8.1,7.9,8.4,7.7,8.1,9.2,0,0,0,1,0,0,1,0,0,1,0,1,0,0,0,1,0,1,0,1.2,0
Millennium Hilton New York One UN Plaza,10017,3559,8.4,8.8,8.8,8.2,8.2,7.8,5.7,8.6,1,0,0,0,0,1,1,0,0,0,0,0,0,0,1,1,1,0,1,1.4,0
Fairfield Inn & Suites By Marriott New York Manhattan/Times Square,10018,4695,8.3,8.6,8.2,8,8.5,7.7,9.1,8.9,1,0,0,0,0,1,1,0,0,1,0,1,0,0,1,1,0,0,0,1,0
NoMo SoHo,10013,1882,8.3,8.8,8.4,8,7.9,7.4,8.6,9.2,0,0,0,1,0,0,1,0,0,1,0,1,0,0,1,1,1,0,0,3.1,0
Hilton Garden Inn Central Park South,10019,3272,8.3,8.6,8.2,7.9,8.3,7.5,8.3,9.2,0,0,0,1,0,0,1,1,0,1,0,0,0,0,1,1,1,0,0,1500,0
The Evelyn,10016,2651,8.3,8.6,8.1,7.5,8.5,7.8,8.2,9.2,0,0,0,1,0,0,1,0,0,1,0,0,0,0,1,1,1,1,0,1.7,0
RIU Plaza New York Times Square,10036,5602,8.7,9,8.7,8.5,8.6,8,8,9.5,1,0,0,0,0,1,0,0,0,0,0,0,0,1,1,1,1,0,1,0.7,0
1 Hotel Central Park,10019,1537,9,9.4,9,8.9,9.3,7.9,9.4,9.6,1,0,0,0,0,1,1,1,0,1,0,0,0,0,1,1,0,0,0,1950,0
Hotel 50 Bowery,10013,1692,9.1,9.6,9.4,9,9.5,8.7,9.4,8.6,0,0,0,1,0,0,1,0,0,1,0,1,0,1,1,1,0,0,0,3.1,0
Hotel Boutique at Grand Central,10017,2452,8.6,9,8.5,8.4,8.5,8.1,9.1,9.4,1,0,0,0,1,0,1,0,0,1,0,0,0,0,1,1,1,0,0,1.1,0
Chambers Hotel,10019,1009,8.9,9.1,8.8,8.4,9.3,8,9.3,9.6,0,0,0,0,0,1,1,1,0,1,0,1,0,0,0,1,0,0,0,2600,0
The New York EDITION,10010,995,9,9.4,9.1,8.8,9.1,7.9,9.5,9.5,1,0,0,0,0,1,1,0,0,1,0,1,0,0,1,1,0,0,0,1.9,0
Westin New York at Times Square,10036,1314,8,8.2,8.3,7.9,7.8,7.1,6.5,9,1,0,0,0,0,1,1,0,0,1,0,1,0,0,1,0,1,0,0,0.8,0
HGU New York,10016,1620,8.6,9,8.5,8.2,8.8,7.9,9.2,9.1,0,0,0,0,1,0,1,0,0,1,0,1,0,0,1,1,1,0,0,1.5,0
Arlo NoMad,10016,3221,8.8,9.3,8.6,8.6,9.1,8.1,9.2,9.4,0,0,0,0,0,0,1,0,0,1,0,0,0,1,1,1,1,1,0,1.5,0
EVEN Hotel New York - Midtown East 44th,10017,1664,8.7,9,8.7,8.4,8.7,8.1,8.9,9,1,0,0,0,0,1,1,0,0,1,0,1,0,0,1,0,1,0,0,1.2,0
Courtyard by Marriott Times Square West,10018,2384,8.7,9.1,8.7,8.4,8.9,7.9,8.6,9,1,0,0,0,0,1,0,0,0,1,0,0,0,1,1,1,1,0,0,1.1,0
World Center Hotel,10006,2762,8.6,8.8,8.6,8.5,8.6,8.1,9,9.2,1,0,0,0,0,1,1,0,0,1,0,0,0,0,1,1,1,0,0,4.3,0
Midtown West 2 Bedroom Apartment,10018,41,8.5,8.8,8.8,8.6,8.4,7.9,8.9,8.7,0,0,1,0,0,0,0,0,1,1,1,0,0,0,0,1,0,0,0,1.2,0
Trump International New York,10023,775,8.8,9.2,9,8.6,8.8,7.8,9.1,9.5,0,0,0,0,0,1,1,0,0,1,0,0,0,0,1,1,0,0,0,500,0
Novotel New York Times Square,10019,3536,8.5,8.8,8.7,8.3,8.2,7.6,8.4,9.4,0,0,0,0,0,1,1,0,0,1,0,1,0,0,1,1,0,0,0,2150,0
Sixty LES,10002,850,8.2,8.4,8.2,8,8.6,7.2,7.7,8.7,0,0,0,1,0,1,1,0,0,1,0,0,0,0,1,1,0,0,0,3.1,0
The Standard - East Village,10003,702,8.8,9.1,8.8,8.5,8.9,7.9,8.8,9.3,0,0,0,0,0,1,1,0,0,1,0,1,0,0,0,1,1,0,0,2.8,0
Andaz 5th Avenue-a concept by Hyatt,10017,684,8.7,8.9,8.9,8.5,8.6,7.8,9.3,9.4,0,0,0,1,0,1,1,0,0,1,0,1,0,0,1,1,0,0,0,1.1,0
The Dominick Hotel,10013,1147,8.5,8.8,8.8,8.4,8.5,7.6,8.7,8.9,0,0,0,0,0,1,1,1,0,1,0,0,0,0,1,1,0,0,0,3.1,0
Doubletree By Hilton New York Times Square West,10018,3376,8,8.3,7.8,7.7,8.3,7.5,8,8.6,1,0,0,0,0,1,1,0,0,1,0,1,0,0,1,1,0,0,0,1,0
Candlewood Suites NYC -Times Square,10018,2338,8.1,7.7,8.1,7.9,8.2,7.6,8.6,8.9,0,0,0,1,0,1,1,0,0,1,0,1,0,0,0,1,0,0,0,1,0
Hotel Hayden New York,10001,825,8.1,7.9,8,7.7,8.5,7.5,8.2,8.9,0,0,0,1,0,1,1,0,0,1,0,1,0,0,1,1,0,0,0,1.6,0
SIXTY SoHo,10012,854,8.6,9.1,8.7,8.4,8.6,7.6,8.2,9.4,0,0,0,1,1,0,1,0,0,1,0,0,0,0,1,1,1,0,0,3.1,0
Hotel Lucerne,10024,2033,8.5,8.9,8.4,8.1,8.5,7.8,8.8,9.1,1,0,0,0,0,1,1,0,0,1,0,0,0,0,1,1,0,0,0,1.1,0
The Time New York,10019,2110,8.2,8.5,8,7.8,8.5,7.3,8.9,9.2,0,0,0,1,0,1,1,0,0,1,0,0,0,0,1,1,1,0,0,2800,0
Best Western Premier Herald Square,10018,1331,8.5,8.9,8.2,8.2,8.7,7.9,8.8,9.4,1,0,0,0,0,1,0,0,0,1,0,0,0,1,1,1,0,1,0,1.2,0
Fairfield Inn by Marriott New York Manhattan/Financial District,10038,2925,8.2,8.7,8,7.9,8.9,7.6,8.8,8.3,0,0,0,1,0,0,1,0,0,1,0,0,0,1,1,1,0,1,0,4.3,0
Club Quarters Hotel Midtown - Times Square,10036,1193,8.1,8.1,7.7,7.7,8.4,7.4,9,9.3,0,0,0,1,0,1,1,0,0,1,0,0,0,0,1,1,1,0,0,0.8,0
Hyatt Herald Square New York / 5th Avenue,10001,1635,8.2,8.5,8,7.8,8.5,7.5,8.2,8.9,0,0,0,1,0,1,1,0,0,1,0,1,0,0,1,1,0,0,0,1.5,0
Sohotel,10013,2129,8.3,8.6,7.9,7.7,8.8,7.7,8.3,8.9,0,0,0,0,0,1,0,0,0,0,0,0,0,0,1,1,1,1,1,3.1,0
The Jewel Facing Rockefeller Center,10019,1123,8.6,8.8,8.3,8.3,8.9,8,9.3,9.6,0,0,0,1,0,1,1,0,0,1,0,0,0,0,1,1,1,0,0,0.6,0
U Hotel Fifth Avenue,10018,2030,8.1,8.5,7.4,7.2,8.5,7.5,7.5,9.4,0,0,0,0,0,0,1,0,0,0,0,0,0,1,0,1,0,1,1,1.3,0
Hotel Wolcott,10001,1349,7.9,8.1,7.7,7.1,7.9,7.5,3.1,9,0,0,0,1,0,0,1,0,0,0,0,0,1,0,0,1,0,1,1,1.5,0
AKA Wall Street,10038,746,9.3,9.4,9.5,9.2,9.5,8.7,9.4,9.3,0,0,0,0,0,0,0,0,0,1,0,0,0,1,0,1,0,1,0,4.3,0
The Peninsula New York,10019,220,8.7,9,8.8,8.7,8.7,7.4,8.7,9.5,0,0,0,0,0,1,1,0,0,1,0,0,0,0,1,1,0,0,0,3100,0
Club Quarters Hotel Wall Street,10005,2466,8.2,8.4,8,7.9,8.5,7.6,9,8.8,1,0,0,0,0,1,1,0,0,1,0,0,0,0,0,1,1,0,0,4.3,0
Hotel Indigo Lower East Side,10002,1028,8.7,9.1,8.9,8.6,8.6,7.7,8.7,8.9,0,0,0,1,0,0,1,1,0,1,0,0,0,0,1,1,0,0,0,3.1,0
The Allen Hotel,10002,556,8.6,9,8.4,8.3,8.9,8.2,9.1,8.6,0,0,0,0,0,1,0,0,0,1,0,0,0,1,0,1,0,1,0,3.1,0
"Club Quarters Hotel, Grand Central",10017,1180,8.7,8.9,8.6,8.5,8.7,8.1,9,9.4,1,0,0,0,1,0,1,0,0,1,0,0,0,0,1,1,1,0,0,1.1,0
Courtyard New York Manhattan/Times Square,10018,1300,8.4,8.5,8.4,8,8.5,7.6,8.7,9.4,1,0,0,0,0,0,1,0,0,1,0,1,0,0,0,1,1,0,0,1,0
The NoMad Hotel,10001,748,9,9.4,9.2,9,9.1,8.2,9,9.3,0,0,0,0,0,0,1,0,0,1,0,1,0,0,1,1,1,0,0,1.6,0
Great Renovated Apartments Best Location Manhattan,10010,30,8.3,7.6,8.1,7.8,8.5,8.4,7.5,9.6,0,0,0,0,0,1,0,0,0,1,1,0,0,0,0,1,0,0,0,2,0
Freehand New York,10010,545,8.8,9,8.6,8.6,8.9,8,8.8,9.3,0,0,0,0,0,1,1,0,0,1,0,1,0,0,1,1,0,0,0,2,0
Midtown Lodging,10022,639,8.5,8.3,8.1,8.2,9,8.1,9.3,9,0,0,1,0,0,1,0,0,0,1,1,0,0,0,0,1,0,0,0,1.1,0
Four Points by Sheraton Manhattan Midtown West,10001,957,8.4,9,8.5,8.3,8.5,7.9,8.7,8.3,1,0,0,0,0,1,1,0,0,1,0,0,0,0,0,1,1,0,0,1.3,0
City Club Hotel,10036,1213,8.3,8.4,8,7.7,8.7,7.6,8.5,9.4,0,0,0,0,0,1,1,0,0,1,0,1,0,0,1,1,1,0,0,0.9,0
Four Points by Sheraton Midtown - Times Square,10018,3306,8.4,8.6,8.2,7.9,8.7,7.8,9,8.9,0,0,0,0,1,0,1,0,0,1,0,1,0,0,1,1,1,0,0,1,0
Modern Apartments next to Times Square,10018,56,8.2,8,7.8,7.5,8.3,7.8,10,9.7,0,0,0,0,0,0,0,0,0,1,1,0,1,0,0,1,0,0,0,1.1,0
"Hotel Shocard, New York",10036,1856,8.3,8.6,7.7,7.8,8.9,7.7,9,9.4,0,0,0,0,0,1,0,0,0,1,0,1,0,1,1,1,1,0,0,0.9,0
Carvi Hotel New York,10022,980,8.4,8.7,8.2,7.8,8.8,7.9,8.9,9,0,0,0,0,0,0,1,0,0,1,0,0,0,0,0,1,0,1,0,0.9,0
Cassa Hotel 45th Street New York,10036,1562,8.7,9,8.6,8.1,8.9,7.9,8.6,9.6,0,0,0,0,0,0,1,1,0,1,0,1,0,0,0,1,1,0,0,0.8,0
"The New Yorker, A Wyndham Hotel",10018,7762,7.8,8,7.6,7.3,8.2,7,8,9,0,0,0,1,0,1,1,0,0,1,0,1,0,0,1,1,0,0,0,1.2,0
Dream Midtown,10019,2011,8.1,8.5,7.8,7.6,8.2,7.2,9.2,9,0,0,0,0,1,1,1,0,0,0,0,0,0,1,1,1,1,0,0,1500,0
"Park South, a Joie de Vivre Hotel",10016,1071,8.6,8.9,8.5,8.4,9.1,7.9,9.1,9,0,0,0,1,0,1,1,0,0,0,0,0,0,1,1,1,1,0,0,1.8,0
"The Bernic Hotel New York City,Tapestry Collection by Hilton",10017,1792,8.7,9,8.6,8.2,9.1,8,8.1,9,0,0,0,0,1,0,1,0,0,1,0,1,0,0,1,1,1,0,0,1.1,0
Four Seasons Hotel New York Downtown,10007,249,9.4,9.8,9.8,9.6,9.6,8.6,9,9.2,0,0,0,0,0,1,1,0,0,1,0,0,0,0,1,1,0,0,0,3.7,0
Hampton Inn Manhattan Grand Central,10017,2843,8.7,8.9,8.4,8.3,9.1,8.2,8.4,9.2,1,0,0,0,0,0,0,0,1,1,0,0,0,1,0,1,0,1,0,1.3,0
New York Hilton Midtown,10019,4542,7.9,8.1,7.9,7.6,7.8,7,7,9.1,1,0,0,0,0,1,1,0,0,1,0,1,0,0,1,1,0,0,0,2450,0
Distrikt Hotel New York City,10018,755,8.5,8.8,8.5,8.1,8.7,7.9,8.1,8.9,0,0,0,0,1,0,1,0,0,1,0,0,0,1,1,1,1,0,0,1,0
Fairfield Inn & Suites by Marriott New York Downtown Manhattan/World Trade Center Area,10006,627,8.8,8.9,8.7,8.5,9.1,8.4,8.9,9.2,0,1,1,1,0,0,0,0,0,1,0,0,0,1,0,1,0,0,0,4.3,0
The Mercer,10012,270,8.9,9.4,9,8.7,9.1,7.8,9.1,9.6,0,0,0,0,1,0,1,0,0,1,0,1,0,0,1,1,1,0,0,3.1,0
"The Chatwal, a Luxury Collection Hotel, New York City",10036,123,8.9,9.4,9,8.7,9.1,7.8,8.4,9.6,0,0,0,1,0,1,1,0,0,1,0,0,0,0,1,1,0,0,0,0.8,0
Heart of Midtown,10022,22,8.7,8.8,8.2,8.5,9.1,8.4,8.8,9.4,0,0,0,0,0,0,0,0,0,1,1,0,0,0,0,1,0,0,0,1,0
Sofitel New York,10036,1357,8.6,8.8,8.7,8.3,8.7,7.5,8,9.3,0,0,0,1,0,1,1,0,0,0,0,1,0,0,1,1,0,0,1,0.9,0
Times Square HighLine Two Bedroom,10036,15,9.2,8.8,8.8,8.7,10,9.1,9.8,8,0,0,0,0,0,0,0,0,0,1,1,0,0,0,0,1,0,0,0,0.9,0
Lotte New York Palace,10022,1787,8.8,9,9,8.5,8.6,7.9,4.2,9.6,0,0,0,0,0,1,1,0,0,0,0,1,0,0,1,1,0,0,1,0.8,0
Sanctuary NYC Retreats,10002,399,8.8,8.8,8.9,8.7,9,8.6,8.4,8.6,0,0,0,0,0,1,0,0,0,1,0,0,1,1,0,1,0,0,0,3.1,0
Homewood Suites Midtown Manhattan Times Square South,10018,1943,8.9,9,8.9,8.8,9,8.3,8.6,9.2,1,0,0,0,0,1,0,0,0,1,0,0,0,1,0,1,0,1,0,1.1,0
The Roger,10016,1562,8.4,8.7,8.4,8,8.6,7.5,8.6,9,0,0,0,1,1,0,1,0,0,1,0,0,0,0,1,1,1,0,0,1.6,0
Fairfield Inn & Suites by Marriott New York Manhattan/Chelsea,10001,1084,8.1,8.2,7.7,7.8,8.7,7.5,8.2,8.9,1,0,0,0,0,0,1,0,0,1,0,0,0,1,0,1,0,1,0,1.6,0
Ameritania at Times Square,10019,2578,8.2,8.3,8,7.6,8.4,7.7,4.9,9.3,0,0,0,1,1,1,1,0,0,0,0,0,0,0,1,1,0,0,1,1500,0
Four Points by Sheraton Manhattan Chelsea,10001,1431,8.1,8.3,7.9,7.7,8.7,7.6,8.4,8.7,0,0,0,1,0,0,1,0,0,1,0,0,0,1,1,1,1,0,0,1.7,0
Walker Hotel Greenwich Village,10011,1023,8.4,8.7,8.1,8,8.8,7.4,8.8,9.3,0,0,0,1,1,0,1,0,0,1,0,0,0,0,1,1,1,0,0,2.3,0
John Street Apartment,10038,7,8.4,8.2,8.9,8.6,7.9,7.9,8.9,2,0,0,0,1,0,0,0,0,0,1,0,0,1,0,0,0,0,0,0,3.7,2
Element Times Square West,10018,8114,8,7.8,7.9,7.6,8.1,7.5,8.7,8.9,0,0,0,1,0,0,1,0,0,1,0,1,0,1,0,1,0,0,0,1,0
The Roxy Hotel Tribeca,10013,1382,8.9,9.1,9,8.9,9,8.2,8.7,9.3,0,0,0,1,0,1,1,0,0,1,0,1,0,0,1,1,0,0,0,3.1,0
Hotel Wales,10128,750,8.1,8.4,7.9,7.6,8.4,7.4,8.6,8.8,0,0,0,1,0,1,1,0,0,1,0,1,0,0,0,1,0,0,0,1.8,0
Four Points by Sheraton New York Downtown,10038,3952,8.1,8.4,8.1,7.8,8.2,7.5,8.4,8.3,1,0,0,0,0,1,1,0,0,1,0,0,0,0,0,1,1,0,0,4.3,0
Loews Regency New York Hotel,10065,456,8.8,9.1,9,8.7,8.8,7.9,8.9,9.4,1,0,0,0,0,1,1,0,0,1,0,1,0,0,1,1,0,0,0,0.7,0
Grand Hyatt New York,10017,4618,7.8,7.8,7.8,7.5,7.8,6.9,8.1,9,1,0,0,0,0,1,1,0,0,1,0,0,0,0,1,1,1,0,0,1.2,1
The Whitby Hotel,10019,196,9.5,9.9,9.7,9.6,9.6,8.6,9.5,9.6,0,0,0,0,0,1,1,1,0,1,0,0,0,0,1,1,0,0,0,2600,0
Holiday Inn Manhattan Financial District,10006,1689,8.1,8.4,8.1,7.7,8.3,7.5,8.8,8.8,0,0,0,1,0,1,1,0,0,1,0,0,0,0,1,1,1,0,0,4.3,0
11 Howard,10013,621,8.5,8.8,8.3,8,8.9,7.6,9.3,9.2,0,0,0,1,1,0,0,0,0,1,0,1,0,0,1,1,1,0,0,3.1,0
The Frederick Hotel,10007,1579,8.3,8.9,8,7.7,8.6,7.8,8,9,1,0,0,0,0,1,1,0,0,1,0,0,0,0,1,1,1,0,0,3.7,0
Orchard Street Hotel,10003,1156,8.3,8.6,7.7,7.6,9,7.7,8.4,9,0,1,0,0,0,0,0,0,0,1,0,0,1,0,1,1,0,1,0,3.1,0
Hotel Hugo,10013,981,8.1,8.5,8.1,8,8.4,7.5,7.4,8.4,0,0,0,1,0,0,1,1,0,1,0,1,0,0,1,0,1,0,0,3.1,0
"The Pierre, A Taj Hotel, New York",10065,323,9,9.3,9.1,8.7,9.3,7.8,8.3,9.6,0,0,0,1,0,0,1,1,0,1,0,1,0,0,1,1,0,0,0,3100,0
Hyatt Union Square New York,10003,543,8.7,9,8.7,8.5,9,7.6,8.6,9.2,1,0,0,0,0,1,1,1,0,1,0,0,0,0,1,1,0,0,0,2.5,0
Club Quarters Hotel World Trade Center,10006,1496,8.6,8.8,8.5,8.5,8.6,8.1,9,9.1,0,0,0,1,0,1,1,0,0,1,0,0,0,0,1,1,1,0,0,4.3,0
DoubleTree Suites by Hilton NYC - Times Square,10036,1877,8.2,8.1,8.1,7.9,8.1,7.3,5.9,9.3,1,0,0,0,0,1,1,0,0,0,0,1,0,0,1,1,0,0,1,0.7,0
Seton Hotel,10016,1036,8.3,8.7,7.8,7.7,8.6,7.6,8.9,9.1,0,0,0,0,0,0,1,1,0,1,0,0,0,0,0,1,0,1,0,1.3,0
AKA Sutton Place,10022,103,9.1,9.2,9.1,9,9.6,8.5,8.3,9.1,1,0,0,0,0,1,1,0,0,1,0,0,0,0,1,1,0,0,0,1.1,0
Courtyard by Marriott New York Downtown Manhattan/World Trade Center Area,10006,1733,8.6,9.1,8.7,8.3,8.4,8,8.7,9,0,0,0,1,0,0,1,0,0,1,0,0,0,1,1,1,1,0,0,4.3,0
Courtyard New York Manhattan/Midtown East,10022,690,8.3,8.6,8.4,8,8.2,7.7,8.1,8.9,1,0,0,0,0,0,1,0,0,1,0,0,0,1,0,1,0,1,0,1,0
The Marcel at Gramercy,10010,1549,8.2,8.4,7.9,7.7,8.8,7.7,5.2,8.6,0,0,0,0,1,1,1,0,0,0,0,0,0,1,0,1,0,0,1,2,0
The Kitano Hotel New York,10016,801,8.7,9.1,8.9,8.4,8.8,7.9,5.2,4.2,0,0,0,0,1,1,1,0,0,1,0,0,0,0,1,1,1,0,0,1.3,2
Hilton Garden Inn NYC Financial Center/Manhattan Downtown,10004,977,8.8,9.1,8.9,8.6,8.7,8.3,8.5,8.9,1,0,0,0,1,0,1,0,0,1,0,0,0,0,1,1,1,0,0,4.3,0
Fifty Hotel & Suites by Affinia,10022,1302,8.2,8.4,8.3,7.9,8.2,7.5,8,8.9,0,0,0,0,1,1,1,0,0,1,0,1,0,0,0,1,0,0,0,1,0
IBEROSTAR 70 Park Avenue Hotel,10016,2008,8.3,8.3,8.3,7.7,8.6,7.8,8.9,9.2,0,0,0,1,0,1,1,1,0,1,0,0,0,0,0,1,0,0,0,1.3,0
Courtyard by Marriott New York Manhattan/Chelsea,10001,961,8.5,8.9,8.5,8.2,8.4,7.8,8.7,9.1,1,0,0,0,0,1,1,0,0,1,0,0,0,0,1,1,1,0,0,1.5,0
Best Western Bowery Hanbee Hotel,10013,1022,8,8.2,7.8,7.5,8.6,7.6,8.2,9,0,1,0,0,0,1,1,0,0,0,0,0,0,1,0,1,0,1,0,3.1,0
Hotel on Rivington,10002,549,8.4,8.6,8.6,8,8.4,7.8,8.7,8.8,0,0,0,1,1,0,1,0,0,1,0,0,0,0,1,1,1,0,0,3.1,0
Athenas Domus CS 6E,10011,13,9.5,10,9.6,9.6,9.2,9.1,10,9.4,0,0,0,0,0,0,0,0,0,1,1,0,0,0,0,1,0,0,0,2,0
Hampton Inn Manhattan - Times Square South,10018,1092,8.2,8.4,8,7.9,8.5,7.6,8.2,8.7,0,0,0,1,0,0,1,0,0,1,0,0,0,1,0,1,1,0,0,1,0
Tribeca Lofts,10013,36,8.1,8.4,8.1,7.4,7.9,7.4,7.5,9.2,0,0,0,0,0,0,0,0,0,1,1,1,0,0,0,1,0,0,0,3.1,0
Cambria Hotel New York - Chelsea,10001,1816,8.8,8.7,8.8,8.5,9.2,8.3,9.2,9.2,0,0,0,1,1,0,0,0,0,1,0,0,0,0,1,1,1,1,0,1.6,0
JW Marriott Essex House New York,10019,551,7.9,8,8,7.5,8,6.5,7.1,9.3,0,0,0,1,0,1,1,0,0,1,0,1,0,0,1,1,0,0,0,1150,0
Hampton Inn Manhattan-35th Street/Empire State Building,10001,1760,8.6,8.6,8.4,8.1,8.9,8,8.2,9.4,0,0,0,1,0,1,1,0,0,1,0,1,0,0,0,1,0,0,0,1.3,0
Hilton Garden Inn New York Times Square South,10018,853,8.7,9,8.8,8.5,8.7,8.2,8.2,8.9,1,0,0,0,0,1,1,0,0,1,0,0,0,0,1,1,1,0,0,1.1,0
Sheraton Tribeca New York Hotel,10013,2791,7.8,7.8,7.9,7.4,8.1,7.3,8.4,8.3,1,0,0,0,0,1,1,0,0,1,0,1,0,0,1,1,0,0,0,3.1,0
Wellington Hotel,10019,7288,7.7,7.8,7.5,6.9,7.6,7.2,4.2,9.1,0,0,0,0,1,1,1,0,0,0,0,0,0,0,1,1,1,0,1,1500,1
The London NYC,10018,1514,8.2,8.4,8.5,7.9,8.1,7.4,8.7,9.1,0,0,0,0,1,1,0,0,0,1,0,0,0,0,1,1,1,0,0,1800,0
Broadway Plaza Hotel,10001,764,8.5,8.8,8.5,7.9,8.8,8,7.6,9,0,0,0,0,1,1,1,1,0,1,0,0,0,0,0,1,0,0,0,1.7,0
Eurostars Wall Street,10005,980,7.9,7.8,7.9,7.5,8.3,7.6,8.4,8.5,0,0,0,0,1,1,1,0,0,1,0,0,0,0,0,1,1,0,0,4.3,0
Sanctuary Hotel New York,10036,1222,8.6,8.9,8.3,8.1,9.2,7.8,8.8,9.5,0,0,0,0,0,1,1,0,0,1,0,1,0,0,1,1,1,0,0,0.7,0
InterContinental New York Barclay Hotel,10017,2344,8.8,9.2,9.1,8.7,8.6,8.1,6.6,9.3,0,0,0,0,0,1,1,0,0,0,0,1,0,0,1,1,0,0,1,1,0
Aloft Manhattan Downtown - Financial District,10038,1515,8.3,8.7,8.3,8,8.3,7.7,9,8.6,0,0,0,1,0,1,1,0,0,1,0,1,0,0,1,1,0,0,0,3.7,0
EVEN Hotel New York Times Square South,10001,1203,9,9.4,9.1,9,9.2,8.2,9.1,9.1,0,0,0,0,0,1,0,0,0,1,0,1,0,0,1,1,1,0,0,1.2,0
"The Lexington, Autograph Collection",10018,2766,8.2,8.4,8.1,8,8.2,7.5,8.4,9,1,0,0,0,0,1,1,0,0,1,0,1,0,0,1,1,0,0,0,1,0
The Mark New York,10075,321,9,9.4,9.2,9.1,9.1,7.8,8.9,9.4,0,0,0,0,0,1,1,0,0,1,0,1,0,0,1,1,0,0,0,1.1,0
Studios Midtown Manhattan,10001,325,8.5,8.6,7.8,8.1,9.1,8.1,9.3,9.4,0,0,0,0,0,1,1,1,0,1,0,0,0,0,0,1,0,1,0,1.5,0
Hilton Times Square,10036,1956,8.5,8.7,8.7,8.3,8.3,7.7,5.9,9.2,0,0,0,1,0,0,1,0,0,0,0,1,0,0,1,1,1,0,1,0.9,0
Holiday Inn Express New York City Chelsea,10001,2934,8.1,8.3,7.7,7.6,8.4,7.5,8.6,8.7,0,0,0,1,0,0,1,0,0,1,0,1,0,1,0,1,0,0,0,1.5,0
Oakwood at the Nash,10016,428,8.8,8.8,8.9,8.8,8.5,8.6,9.2,9.1,1,0,1,0,0,0,0,0,0,1,0,0,1,0,0,1,0,1,0,1.5,0
Andaz Wall Street-a concept by Hyatt,10005,558,8.7,8.7,8.8,8.6,8.9,8.3,8.9,8.8,0,0,0,0,0,1,0,0,0,1,0,1,0,0,1,1,0,0,0,4.3,0
Room Mate Grace Boutique Hotel,10036,2001,8.7,8.8,8.5,8.4,9.1,8,8.7,9.6,1,0,0,0,0,0,1,1,0,1,0,0,0,0,1,1,0,0,0,0.8,0
DoubleTree by Hilton NYC - Financial District,10004,3976,7.9,8,7.9,7.4,8.1,7.4,8.5,8.4,0,0,0,1,1,1,1,0,0,1,0,0,0,0,1,0,1,0,0,4.3,0
Big 3 BDR Apt Times Square 9th Ave,10018,27,8.1,7.8,7.9,7.7,8.4,7.5,9.1,9,0,0,1,0,0,1,0,0,0,1,1,0,0,0,0,0,0,0,0,1,0
East Village Hotel,10003,904,8,7.8,7.8,7.6,8.1,7.7,9.1,9,0,1,1,0,0,0,0,0,0,1,1,0,0,0,0,1,0,0,0,2.8,0
The Smyth,10007,394,8.5,9,8.7,8.2,8.6,7.7,9,9,1,0,0,0,0,0,1,0,0,1,0,1,0,0,1,1,1,0,0,3.7,0
The James New York - NoMad,10016,514,8.2,8.4,8.4,7.7,8.3,7.7,8.6,8.9,0,0,0,1,0,1,1,0,0,1,0,1,0,0,1,1,0,0,0,1.6,0
Conrad New York,10282,1078,9.1,9.5,9.4,9.1,8.9,8.4,9,9.1,1,0,0,0,0,1,1,0,0,1,0,1,0,0,1,0,1,0,0,3.7,0
La Quinta Inn & Suites Manhattan,10001,6434,8,8.3,7.8,7.5,7.9,7.5,8.6,8.9,0,0,0,1,0,0,1,0,0,1,0,0,0,1,0,1,0,1,0,1.5,0
Four Points by Sheraton Manhattan SoHo Village,10014,1368,8.1,8.2,7.9,7.6,8.7,7.6,8.7,8.6,0,0,0,1,0,1,1,0,0,1,0,0,0,0,1,1,1,0,0,3.1,0
Residence Inn by Marriott New York Downtown Manhattan/World Trade Center Area,10007,1380,8.8,8.9,8.9,8.6,8.9,8.1,8.8,9.2,1,0,0,0,0,1,1,0,0,1,0,1,0,0,1,1,0,0,0,3.7,0
Kimpton Ink48 Hotel,10036,800,8.7,9.2,9,8.8,9,8.1,8,8.4,0,0,0,0,0,1,1,0,0,1,0,1,0,0,1,1,0,0,0,0.8,0
Hilton Garden Inn West 35th Street,10001,1985,8.6,8.7,8.5,8.2,8.7,8,8.4,9.4,0,0,0,1,0,0,0,0,0,1,0,0,0,1,1,1,1,1,0,1.3,0
Hilton New York Fashion District,10001,1216,8.2,8.5,8.2,7.9,8.3,7.5,8.3,8.8,0,0,0,1,1,0,1,0,0,1,0,0,0,1,1,0,1,0,0,1.7,0
Leon Hotel,10002,1390,8.3,8.7,8.5,7.8,8.6,8.1,7.2,8.3,0,1,0,0,0,1,0,0,0,1,0,0,0,1,0,1,0,1,0,3.1,0
Kimpton Hotel Eventi,10001,827,8.7,9,8.9,8.7,8.8,7.9,8.3,9.1,0,0,0,0,0,1,1,0,0,1,0,1,0,0,1,1,0,0,0,1.5,0
INNSIDE by Melià New York Nomad,10001,1405,8.6,8.7,8.6,8.5,8.8,7.8,8.7,9,1,0,0,0,0,1,1,1,0,1,0,0,0,0,1,1,0,0,0,1.6,0
The Hotel at Times Square,10036,7343,7.9,7.9,7.8,7.5,7.6,7.6,8.5,9.2,0,0,0,1,0,1,1,0,0,1,0,0,0,1,0,0,0,1,0,0.8,0
AKA United Nations,10017,135,9.2,9.3,9.5,9.3,9.4,8.4,9.5,9.3,0,0,0,1,0,0,0,0,0,1,0,0,1,0,0,1,0,1,0,1.2,0
Hilton Garden Inn New York/Manhattan-Chelsea,10001,1111,8.3,8.5,8.1,7.9,8.6,7.7,7.6,9,1,0,0,0,0,1,1,0,0,1,0,0,0,0,1,1,1,0,0,1.6,0
Staybridge Suites - Times Square - New York City,10018,2691,8.2,8.1,8.1,7.9,8.4,7.6,8,8.8,0,0,0,1,0,1,1,0,0,1,0,1,0,0,1,1,0,0,0,1,0
Viceroy Central Park New York,10019,1349,7.9,8.2,7.8,7.4,8.3,6.9,7.3,9,0,0,0,1,0,1,1,0,0,1,0,1,0,0,1,1,0,0,0,1650,0
The Iroquois New York,10036,692,8.9,9.2,8.7,8.4,9.2,8,8.8,9.6,1,0,0,0,0,1,1,0,0,1,0,0,0,0,1,1,1,0,0,0.9,0
Hotel 48LEX New York,10017,759,8.4,8.5,8.6,8,8.6,7.5,8.6,9.1,0,0,0,1,0,1,1,1,0,1,0,0,0,0,1,1,0,0,0,1,0
Moderne Hotel,10019,735,8.6,8.6,8.2,7.9,9.1,8.1,8.9,9.5,0,0,0,0,1,1,1,0,0,1,0,0,0,0,0,1,0,1,0,1150,0
Hilton Garden Inn Times Square,10019,1928,8.3,8.5,8.4,7.8,8.2,7.6,8.4,9.2,0,0,0,1,0,0,1,0,0,1,0,0,0,1,0,1,0,1,0,2950,0
Gramercy Park Hotel,10010,319,8.4,8.9,8.7,8.4,8.3,7.3,8.2,9.1,0,0,0,1,0,1,1,0,0,1,0,1,0,0,1,1,0,0,0,2.1,0
Crosby Street Hotel,10012,232,9.4,9.8,9.7,9.5,9.5,8.1,9.4,9.7,0,0,0,0,0,1,1,1,0,1,0,0,0,0,1,1,0,0,0,3.1,0
Hilton Garden Inn Times Square Central,10036,1448,8.3,8.5,8.3,8,8.1,7.6,8.6,9.3,0,0,0,1,1,0,1,0,0,1,0,0,0,0,1,1,1,0,0,0.9,0
The Kimpton Muse Hotel,10036,897,8.9,9.2,8.9,8.6,9,8,7.3,9.4,0,0,0,1,0,1,1,0,0,0,0,1,0,0,1,1,0,0,1,0.7,0
Hampton Inn Manhattan-Times Square North,10019,1676,8.2,8.2,8.2,7.9,8.3,7.6,8.1,9.1,0,0,0,1,0,0,1,0,0,1,0,0,0,1,0,1,0,1,0,2150,0
Hilton Garden Inn New York Manhattan Midtown East,10022,926,8.4,8.7,8.4,8.1,8.7,7.9,8.3,8.8,1,0,0,0,0,0,1,0,0,1,0,1,0,0,1,1,1,0,0,1,0
Mondrian Park Avenue,10016,268,8.8,9.2,8.9,8.5,9.1,8.2,9.1,9.1,0,0,0,0,0,0,1,0,0,1,0,1,0,1,1,1,1,0,0,1.6,0
Hampton Inn Manhattan/Downtown- Financial District,10004,704,8.3,8.7,8.2,8,8.5,7.8,7.9,8.5,0,0,0,1,0,1,1,0,0,1,0,1,0,0,0,1,0,0,0,4.3,0
Hilton Garden Inn New York/Tribeca,10013,612,8.2,8.4,8,7.9,8.5,7.7,7.8,8.8,0,0,0,1,1,0,1,0,0,1,0,0,0,0,1,1,1,0,0,3.1,0
The Gregory,10001,2155,7.9,8,7.8,7.3,8.1,7.2,7.4,9,0,0,0,0,0,1,1,0,0,0,0,1,0,0,1,1,1,0,1,1.3,0
Crowne Plaza HY36 Midtown Manhattan,10018,348,8.7,9.2,8.9,8.6,8.9,7.9,8.7,8.9,0,0,0,1,0,0,1,0,0,1,0,1,0,0,0,1,1,0,0,1.2,0
Hotel 32 32,10016,1275,8,8.2,7.9,7.6,8.3,7.3,8.1,8.7,0,0,0,0,0,1,0,0,0,1,0,0,0,1,0,1,0,1,0,1.5,0
Residence Inn by Marriott New York Manhattan/ Midtown Eastside,10017,874,8.8,9.1,8.9,8.7,9,8.2,8.5,9.2,0,0,0,0,0,1,1,0,0,1,0,1,0,0,0,1,0,0,0,1.1,0
Hampton Inn Manhattan Chelsea,10011,781,8.6,8.8,8.5,8.3,8.9,8.2,8.6,9,1,0,0,0,0,0,1,0,0,1,0,1,0,1,0,1,0,0,0,1.8,0
Hampton Inn Times Square Central,10036,2443,8.8,9,8.8,8.5,9,8.2,8.5,9.5,0,0,0,0,0,0,1,0,0,1,0,0,0,1,0,1,0,1,0,0.9,0
Bentley Hotel,10065,1507,7.8,8.1,7.8,7.3,8.2,7.3,4.4,7.7,0,0,0,1,0,1,0,0,0,0,0,1,0,0,1,1,1,0,1,1.4,0
Madison LES Hotel,10002,6,8.6,8.3,8.8,8.3,9.2,7.9,8.8,3,0,0,0,0,0,0,0,0,0,1,1,0,0,0,0,1,0,0,0,3.7,2
The Watson Hotel,10019,8697,7.8,7.8,7.7,7.4,7.8,7.5,7.7,8.5,0,0,0,1,1,0,1,0,0,1,0,0,0,0,1,1,1,0,0,1650,1
DoubleTree by Hilton Metropolitan New York City,10022,4065,7.8,8,7.8,7.3,7.6,7.2,7.9,8.8,1,0,0,0,0,1,1,0,0,1,0,1,0,0,1,1,0,0,0,1,1
East Village Apartments,10003,92,9.5,9.8,9.4,9.7,9.9,8.7,9.5,9.3,0,1,0,0,0,1,0,1,0,1,0,0,0,0,0,1,0,0,0,3,0
Q&A Residential Hotel,10005,466,9.1,9.1,9.4,9.2,9,8.6,9.1,9.1,0,0,0,0,0,1,1,0,0,1,0,1,0,0,0,1,0,0,0,4.3,0
DoubleTree by Hilton - Chelsea,10001,1544,7.9,7.9,7.7,7.3,8.4,7.4,8.1,8.6,1,0,0,0,0,0,1,0,0,1,0,1,0,0,1,1,1,0,0,1.6,0
Holiday Inn Express - Times Square,10018,2404,7.8,7.9,7.5,7.3,8.2,7.2,8.4,8.6,0,0,0,1,0,0,1,0,0,1,0,0,0,1,0,1,0,1,0,1,1
Sheraton New York Times Square Hotel,10018,1873,7.6,7.8,7.5,7.3,7.5,6.6,5.1,8.9,0,0,0,1,0,1,1,0,0,0,0,1,0,0,1,1,0,0,1,2150,1
The Gotham Hotel,10017,643,8.1,7.9,8.1,7.5,8.5,7.2,8,9.1,0,0,0,1,0,0,1,0,0,1,0,1,0,0,1,1,1,0,0,0.9,0
Hotel Edison Times Square,10036,13138,7.5,7.7,7.2,6.8,7.7,6.8,4.9,9.2,0,0,0,1,0,1,1,1,0,0,0,0,0,0,1,1,0,0,1,0.7,1
Hotel Belleclaire,10024,2891,7.8,8,7.5,7.2,8.4,7.2,7.5,8.7,0,0,0,1,0,1,1,0,0,1,0,0,0,1,0,1,0,0,0,1,0
"Hampton Inn Manhattan-SoHo, NY",10013,2445,7.9,8,7.8,7.6,8.1,7.5,8.3,8.5,0,0,0,1,0,0,1,0,0,1,0,0,0,1,1,1,0,1,0,3.1,0
Dream Downtown,10011,1575,7.8,8.1,7.6,7.8,7.7,6.7,7.7,8.8,0,0,0,1,0,1,1,0,0,1,0,0,0,0,1,1,0,0,0,2.1,1
Wingate by Wyndham Manhattan Midtown,10001,1462,7.6,7.4,7.5,7.1,7.4,7.1,7,8.8,0,0,0,1,0,1,1,0,0,1,0,0,0,0,1,1,1,0,0,1.2,1
Cassa Hotel Times Square,10018,3892,8.1,8.1,8.1,7.7,8.9,7.4,8.7,8.4,0,0,0,1,0,1,1,1,0,1,0,0,0,0,0,1,0,0,0,1.1,0
Shoreham Hotel,10019,1529,7.5,7.7,7,6.7,8,6.8,3.8,9.1,0,0,0,1,0,1,1,1,0,0,0,0,0,0,1,1,0,0,1,2600,1
Today House - Times Square North,10019,21,9.3,9.1,9.1,9.2,9.2,9.1,7.5,10,0,0,0,0,0,1,0,0,0,1,0,0,1,0,0,1,0,0,0,2600,0
Tiffini,10027,126,8.8,9,8.7,8.5,9.4,8.6,9.5,8.6,0,0,0,0,0,1,0,0,1,1,1,1,0,0,0,0,0,0,0,3.1,0
Your Home in Harlem,10027,149,8.9,9.2,9.1,8.8,9.5,8.9,9.1,8.2,0,0,0,0,0,1,1,0,0,1,0,0,0,0,0,1,0,0,0,3.1,0
Dylan Hotel NYC,10017,1487,7.9,7.9,7.8,7.4,8.1,7.5,8.6,9,0,0,0,1,0,1,1,0,0,1,0,0,0,0,1,1,1,0,0,1.1,0
Empire Hotel,10023,3407,7.5,7.6,7.2,6.9,7.8,6.8,5,8.9,0,0,0,1,0,1,1,0,0,0,0,0,0,0,1,1,0,0,1,1300,1
Home NYC,10026,101,9.7,9.8,9.9,9.9,9.9,9.6,10,9.3,0,0,0,0,0,0,0,0,1,1,0,1,0,1,0,1,0,0,0,3,0
Private Room in Time Square,10036,68,9,8.8,8.2,8.6,9.6,8.8,9.6,9.8,0,0,0,0,0,0,1,0,1,1,0,0,0,0,0,1,0,0,0,0.8,0
Millennium Broadway Times Square,10036,3536,7.8,7.6,7.7,7.3,7.9,7,7.9,9.2,0,0,0,1,0,1,1,0,0,1,0,0,0,0,1,1,1,0,0,0.8,1
Midtown East Deluxe 2 Bedroom Apartment,10022,21,7.5,7.8,7.8,7,7.3,6.6,7.5,8.7,0,0,0,0,0,0,1,1,0,1,1,0,1,0,0,1,0,0,0,1.2,1
The Gatsby Hotel,10002,95,7.7,8,7.2,7,8.5,7.1,7.7,8.6,0,0,0,0,0,0,1,0,0,1,0,0,0,0,0,1,0,1,0,3.1,1
Hotel Central Fifth Avenue,10036,1850,7.6,7.7,7.1,6.8,7.7,7.1,8.6,9.2,0,0,0,0,0,1,1,0,0,1,0,1,0,1,0,1,0,0,0,0.9,1
Cachet Boutique Hotel NYC,10036,1318,7.9,8.1,7.9,7.6,8.1,7.3,8,8.6,1,0,0,0,0,1,0,0,0,1,0,1,0,1,0,1,0,0,0,1,0
La Quinta Inn & Suites New York City Central Park,10023,3015,7.5,7.8,6.7,6.9,8.2,6.9,8.3,8.8,0,1,0,0,0,0,0,0,1,1,0,0,1,0,0,1,0,1,0,0.6,1
Beautiful Manhattan Apartment,10128,15,7.7,7.7,7.2,7.5,8.8,6.8,8.3,4,0,0,1,0,0,0,1,0,1,1,1,0,0,0,0,0,0,0,0,2,2
Fairfield Inn & Suites by Marriott New York Manhattan/Fifth Avenue,10018,1403,8.4,8.5,8,7.9,8.8,7.8,8.7,9.3,0,0,0,1,0,0,1,0,0,1,0,0,0,1,0,1,0,1,0,1.2,0
Holiday Inn Manhattan 6th Ave - Chelsea,10001,2190,7.6,7.8,7.3,7.1,8.1,7.1,7.9,8.4,0,0,0,1,0,0,1,0,0,1,0,1,0,0,1,1,1,0,0,1.7,1
The Hotel @ New York City,10016,3852,7.5,7.7,7.6,7,7.3,7.3,6.9,8.3,0,0,0,1,0,0,1,0,0,1,0,0,0,1,0,1,0,1,0,1.7,1
"Perfect 3 BR, Midtown East, Doorman Apt",10022,14,7.2,7.7,6.8,6.8,7.2,7,7.5,8,0,0,0,0,0,1,0,0,0,1,0,0,1,0,0,1,0,0,0,1.1,1
"Hudson New York, Central Park",10019,9620,7.2,7.4,6.5,6.8,7.5,6.3,7.8,8.7,0,0,0,1,0,1,1,1,0,1,0,1,0,0,1,0,0,0,0,1000,1
Washington Jefferson at Times Square,10019,1317,7.7,7.9,6.9,6.8,8.5,6.8,7.6,9,0,0,0,1,0,1,1,0,0,1,0,0,0,0,0,1,1,0,0,2300,1
Heritage Hotel New York City,10010,3316,7.2,7.2,6.7,6.5,7.5,6.7,7.6,8.6,0,0,0,1,0,1,1,1,0,1,0,0,0,0,0,1,0,0,0,1.8,1
Solita Soho Hotel,10013,669,7.7,7.8,7.3,7,8.3,7.4,8.6,8.7,0,0,0,0,0,0,1,0,0,1,0,0,0,0,0,1,0,0,0,3.1,1
The Gallivant Times Square,10036,6556,7.2,7.2,6.9,6.6,7.1,6.6,7.7,9.1,0,0,0,1,0,1,1,0,0,1,0,0,0,0,1,1,1,0,0,3100,1
Concorde Hotel New York,10022,77,9.2,9.5,9.2,8.6,9.5,8.8,8.3,9.4,0,0,0,1,1,0,0,0,0,1,0,0,0,1,0,1,0,1,0,0.8,0
Times Square Lux Highrise,10036,104,7,6.9,7.1,7.1,6.7,6.3,8.8,8,0,0,0,1,0,1,1,0,0,1,0,0,0,0,0,1,0,0,0,1,1
Days Inn by Wyndham Hotel New York City-Broadway,10025,5582,6.8,6.6,6.4,6.1,7.3,6.3,6.7,7.8,0,0,0,0,0,1,1,0,0,1,0,0,0,1,0,1,0,1,0,1.8,1
Westgate New York City,10017,1438,7.5,7.7,7.5,7,7.6,6.9,5.7,8.3,0,0,0,1,0,0,1,0,0,0,0,1,0,0,1,1,1,0,1,1.4,1
Midtown East Spacious Apartment,10022,53,6.5,5.8,5.8,5.8,6.4,6.3,9,8.6,0,0,0,0,0,0,0,0,0,1,1,0,0,0,1,1,1,0,0,1.1,1
Amsterdam Court Hotel,10019,1861,7.3,7,6.6,6.3,8,6.7,4.9,9.1,0,0,0,0,1,0,1,0,0,0,0,0,0,0,1,1,0,1,1,2600,1
Hotel Stanford NYC,10001,2962,8,8,7.6,7.2,8.2,7.5,6.7,9.2,0,0,0,0,0,1,1,0,0,1,0,0,0,1,1,1,1,0,0,1.4,0
Night Hotel Times Square,10036,2946,7.5,7.7,6.7,6.9,8,6.8,8.2,9.2,0,0,0,1,0,1,1,0,0,1,0,1,0,0,0,1,0,0,0,0.7,1
Spacious Apartment in Prime Location,10024,22,7.6,7.3,7.6,7.5,7.6,7.6,10,8.2,0,0,0,0,0,0,0,0,1,1,0,0,0,0,1,0,1,0,0,1.3,1
DoubleTree by Hilton New York Times Square South,10018,1533,7.4,7.5,7.1,6.9,8,6.7,7.9,8,0,0,0,1,0,1,1,0,0,1,0,1,0,0,1,1,0,0,0,1.2,1
Hotel Marrakech,10025,3182,6.8,6.7,6.2,6,7.8,6.4,6.9,7.8,0,0,0,0,0,1,1,0,0,1,0,0,0,0,0,1,1,1,0,2.3,1
The Ludlow Hotel,10002,1568,9.1,9.5,9.2,9.1,9.1,8.3,9.5,9.3,1,0,0,0,0,0,1,0,0,1,0,1,0,0,1,1,1,0,0,3.1,0
The Quin,10019,1771,8.8,9,8.8,8.5,9.1,7.8,9.1,9.5,0,0,0,0,0,0,1,0,0,1,0,1,0,0,0,1,1,0,0,1800,0
The Marlton Hotel,10011,1359,8.7,9.2,8.4,8.4,8.9,7.8,9.2,9.5,0,0,0,0,0,0,0,0,0,1,0,1,1,0,1,0,1,1,0,2.6,0
FiDi 3bed/2baths,10038,5,8.2,8.5,7.5,8.5,8.5,7,9,2,0,0,0,0,0,0,0,0,0,1,1,0,1,0,0,1,0,0,0,3.7,2
Hotel Beacon,10023,3175,8.8,8.9,9,8.6,8.8,8.3,9,9.4,1,0,0,0,0,1,1,0,0,1,0,0,0,0,1,1,1,0,0,0.9,0
Beautiful apartment next to Central Park,10024,34,7.2,6.5,7.4,7,7.2,6.6,9.2,8.6,0,0,1,0,0,0,0,0,1,1,1,0,0,0,0,1,0,0,0,1.3,1
The Pearl Hotel,10019,1587,9,9.2,8.9,8.7,9.2,8,9,9.6,0,0,0,1,1,1,1,0,0,1,0,0,0,0,0,1,0,0,0,2800,0
Soho Grand Hotel,10013,1949,8.5,8.7,8.5,8.3,8.7,7.7,8.4,9.3,0,0,0,1,0,1,1,0,0,1,0,1,0,0,1,1,0,0,0,3.1,0
Oakwood Aurora Midtown East,10016,6,8.6,8.8,9.6,9.2,7.9,7.5,8.8,2,0,0,1,1,0,0,0,0,0,1,0,0,1,1,0,1,0,0,0,1.5,2
The Wagner Hotel,10004,122,9.3,9.6,9.5,9.1,9.5,8.6,7.9,9.5,0,0,0,0,0,0,1,0,0,1,0,1,0,0,1,1,1,1,0,4.3,0
Washington Square Hotel,10011,1578,8.6,8.8,8.3,8.1,9,7.9,8.9,9.6,0,0,0,1,0,0,1,0,0,1,0,0,0,0,1,1,1,0,0,2.6,0
Carnegie Hotel,10019,1226,8.9,9.4,8.8,8.5,9.1,8.1,9,9.6,0,1,0,0,0,0,0,0,0,1,0,0,1,1,0,1,0,1,0,1500,0
Pod 39,10016,7718,8.2,8.7,7.5,7.8,8.3,7.6,8.7,9.1,0,0,0,0,0,0,1,0,0,1,0,1,0,1,1,1,1,0,0,1.3,0
Murray Hill East Suites,10016,39,8.7,7.9,8.6,8.1,9.4,8.4,7.7,9.6,0,0,0,1,0,1,1,0,0,1,0,0,0,0,0,1,0,1,0,1.3,0
YOTEL New York Times Square,10036,2706,8.3,8.5,8.2,8.1,8.3,7.7,8.8,8.8,1,0,0,0,0,1,1,0,0,1,0,0,0,0,1,1,1,0,0,1,0
The Manhattan Club,10019,650,8.5,8.6,8.5,8.1,8.3,7.8,8.6,9.4,0,0,0,0,0,1,1,0,0,1,0,0,0,1,1,1,0,0,0,1150,0
Luxury Suites in Murray Hill,10016,17,8.3,8.5,8.2,8,7.8,8.1,10,9,0,0,0,1,0,1,0,0,0,1,1,1,0,0,0,1,0,0,0,1.6,0
The Knickerbocker,10036,2319,8.8,9,9.1,8.7,8.8,7.8,9.2,9.5,0,0,0,0,0,1,1,0,0,1,0,1,0,0,1,1,0,0,0,0.9,0
Pod Times Square,10036,3907,8.7,9.1,8.3,8.3,8.9,8.2,8.9,9.4,0,0,0,0,0,1,0,0,0,1,0,1,0,0,1,1,1,1,0,0.9,0
3 BEDROOM 1 BATHROOM TIMES SQUARE D,10019,29,8.2,7.9,7.8,7.8,8.3,8.3,8.8,9.3,0,0,1,0,0,1,0,0,0,1,1,0,0,0,0,1,0,0,0,2300,0
Studio Plus - Midtown Spacious Apartment,10001,27,7.4,7.1,7,7.3,7.5,6.8,8.3,8.3,0,0,1,0,0,1,0,0,0,1,1,0,1,0,0,1,0,0,0,1.5,1
Excelsior Hotel,10024,1114,8.4,8.7,8.5,8,8.3,7.9,5.4,9.2,1,0,0,0,0,1,0,0,0,0,0,0,0,1,1,1,1,0,1,1.1,0
Royalton Park Avenue,10016,1119,8.7,9,9,8.7,8.7,7.8,8.8,9,1,0,0,0,0,0,1,0,0,1,0,1,0,0,1,1,0,0,0,1.7,0
Embassy Suites By Hilton New York Midtown Manhattan,10018,145,8.4,8.4,8.5,8.2,8.1,7.7,8.2,9.3,0,0,0,1,0,1,1,0,0,1,0,1,0,0,1,1,0,0,0,1.2,0
The Bowery Hotel,10003,763,9.1,9.4,9.3,9,9.4,8.1,9.5,9.4,0,0,0,1,0,0,1,0,0,1,0,1,0,0,1,1,1,0,0,3,0
W New York - Times Square,10036,1748,7.9,8,7.9,7.6,8,6.8,6.2,9.1,1,0,0,0,0,1,1,0,0,0,0,1,0,0,1,1,0,0,1,0.7,0
Best Western Plus Hospitality House Suites,10022,602,8.5,8.6,8.4,8,8.8,8,8.7,9.1,0,0,0,1,0,1,1,0,0,1,0,0,0,0,0,1,1,0,0,1,0
Hilton Garden Inn New York/Midtown Park Avenue,10016,2304,8.6,8.9,8.4,8.2,8.7,7.9,8.4,9.1,1,0,0,0,1,1,0,0,0,1,0,0,0,1,1,1,0,0,0,1.5,0
"NYC Charmer, Central Park/Lincoln Center",10023,5,9.7,9,9.5,9.5,10,10,10,4,0,1,0,0,0,0,0,1,1,1,0,0,0,0,0,1,0,0,0,2600,2
Harlem Grand,10027,24,8.5,9,8.6,7.8,8.7,8.2,7.5,8.7,0,1,0,0,0,1,0,0,0,1,0,0,0,0,0,1,0,1,0,3.1,0
Hamilton Heights Lovely Apartments,10031,46,7.1,7.2,7.3,7,7.6,6.8,8.5,6.6,0,0,1,0,0,1,0,0,0,1,1,0,0,0,0,1,0,0,0,3.7,1
The Skyline Hotel New York,10019,930,8,8.1,8.1,7.6,8.1,7.6,4.1,8.5,0,0,0,1,0,1,1,0,0,0,0,1,0,0,0,0,0,0,1,0.6,0
Baccarat Hotel and Residences New York,10019,272,9.3,9.6,9.5,9.4,9.3,8.2,9.5,9.7,0,0,0,0,0,0,0,1,0,1,0,1,0,0,1,1,0,0,0,2950,0
The French Quarters,10036,1682,9.2,9.4,9.1,9,9.5,8.7,9.2,9.6,0,0,0,0,0,1,0,0,1,1,0,0,0,0,1,1,0,1,0,0.7,0
Renaissance New York Midtown Hotel,10001,1412,9,9.3,9.1,8.9,8.9,8.1,9,9.5,0,0,0,0,0,1,1,0,0,1,0,0,0,0,0,0,0,0,0,1.2,0
"The Renwick Hotel New York City, Curio Collection by Hilton",10016,928,8.5,8.7,8.7,8.1,8.4,7.8,8.8,9.3,0,0,0,0,0,1,1,0,0,1,0,0,0,1,0,1,1,0,0,1.3,0
Chelsea Pines Inn,10014,1097,8.4,8.6,7.9,7.8,8.7,8.1,8.6,9.3,0,1,0,0,0,0,1,0,0,1,0,0,0,0,0,1,0,1,0,2.2,0
HI NYC Hostel,10025,10889,8.5,8.6,8.1,8.6,8.7,8.2,8.9,8.5,0,0,0,0,0,1,0,1,0,1,0,0,0,1,0,1,1,0,0,2.3,0
CITY ROOMS NYC - Times Square,10036,589,8.7,8.7,8,7.9,9.3,8.4,9.3,9.6,0,1,0,0,0,0,0,0,0,1,0,0,0,0,0,1,0,1,0,0.6,0
Belnord Hotel,10024,3252,8,8.6,7.4,7.5,8,7.7,7.6,8.7,0,1,0,0,0,0,1,0,0,1,0,0,0,0,0,1,0,1,0,1.5,0
The Redbury New York,10016,3355,8.1,8.4,8,7.8,8.1,7.4,8,8.9,0,0,0,0,0,1,1,0,0,1,0,1,0,0,1,1,1,0,0,1.6,0
Refinery Hotel - New York,10018,764,8.9,9.1,9,8.7,9.2,8,9.1,9.4,0,0,0,1,0,0,1,0,0,1,0,1,0,0,1,1,1,0,0,1.1,0
The Surrey,10021,269,8.6,9,8.9,8.5,8.5,7.5,8.1,9.3,0,0,0,1,0,1,1,0,0,1,0,1,0,0,1,1,0,0,0,1.1,0
Millennium Hilton New York Downtown,10007,2651,8.2,8.3,8.3,8,8.1,7.6,5.8,9.1,1,0,0,0,0,1,1,0,0,0,0,0,0,0,1,1,0,0,1,3.7,0
Pod 51,10022,8007,8,8.5,7.4,7.6,7.9,7.6,8.8,8.9,0,0,0,0,0,0,1,0,0,1,0,0,0,0,1,1,1,1,0,1.1,0
Bryant Park Hotel,10018,1022,9.2,9.6,9.3,8.9,9.4,8.3,9.4,9.8,1,0,0,0,0,1,1,0,0,1,0,0,0,0,0,1,1,0,0,1.1,0
SpringHill Suites by Marriott New York Midtown Manhattan/Fifth Avenue,10018,681,8.5,8.7,8.3,8,8.8,7.5,9.1,9.3,0,0,0,1,0,1,1,0,0,1,0,0,0,1,0,1,0,0,0,1.2,0
Courtyard by Marriott New York Manhattan/Herald Square,10001,774,8.5,8.8,8.4,8.1,8.8,7.7,9.2,9.5,1,0,0,0,0,1,1,0,0,1,0,0,0,0,1,1,1,0,0,1.3,0
Royalton New York,10036,981,8.1,8.3,8.1,7.6,8.3,7.3,8,9.2,1,0,0,0,0,0,1,0,0,1,0,0,0,1,1,1,1,0,0,0.8,0
The Westin New York Grand Central,10017,1042,8.1,8.3,8.4,7.9,7.8,7.2,5.2,8.8,0,0,0,0,0,1,1,1,0,0,0,0,0,0,1,1,0,0,1,1.3,0
TEN15NYC,10018,242,8.2,8.5,7.9,7.8,7.9,7.8,9.1,9.4,0,0,1,0,0,1,0,0,0,1,1,0,0,0,0,1,0,0,0,1.1,0
Leo House,10011,2384,8.2,8.4,7.5,7.3,8.5,8.5,8.7,9.2,0,1,0,0,0,1,0,0,0,1,0,0,1,0,0,1,0,1,0,1.8,0
Fairfield Inn & Suites by Marriott New York Manhattan/Central Park,10019,523,8.6,9,8.5,8.4,9.2,8,9,8.5,0,0,0,0,0,0,1,0,0,1,0,0,0,0,1,1,0,1,0,2450,0
Premium Apartments-Time Square,10018,12,8.6,8.3,8.3,8.8,9,8.3,7.5,9,0,0,0,0,0,0,0,0,0,1,0,0,0,0,0,1,0,0,0,1,0
Stylish 2BR Apartment in UWS,10024,6,8.4,7.9,7.5,8.3,7.9,9,9.6,3,0,0,0,0,0,0,0,1,0,1,1,0,0,0,0,0,0,0,0,1.1,2
Hotel Metro,10001,1029,8.5,8.7,8.5,8,8.5,7.8,8,9.4,0,0,0,1,0,0,1,0,0,1,0,0,0,0,0,1,1,1,0,1.3,0
Mandarin Oriental New York,10023,209,8.6,9,8.9,8.5,8.9,7,6.6,9.3,0,0,0,0,0,1,1,0,0,0,0,0,0,0,1,1,0,0,1,500,0
The Maritime Hotel,10011,615,8.9,9.2,8.8,8.8,9.2,8.2,9,9.4,1,0,0,0,0,0,1,0,0,1,0,1,0,0,1,1,1,0,0,2.1,0
The Jane,10014,2622,8,8.1,7,7.6,8.7,7.9,8.2,8.9,0,1,0,0,0,0,1,0,0,1,0,0,0,0,1,0,1,1,0,2.5,0
NobleDEN Hotel,10013,900,9,9.6,9.2,8.7,9,8.5,8.8,9.3,0,0,0,0,0,0,0,0,0,1,0,0,0,1,0,1,1,1,0,3.1,0
Gardens Suites Hotel by Affinia,10065,437,8.4,8.6,8.6,8.1,8.6,7.6,8.1,8.9,0,0,0,1,0,1,1,1,0,1,0,0,0,0,0,1,0,0,0,1,0
Garden House with 2 Bedroom,10019,14,8.3,8,7.9,7.9,9.1,7.3,10,9.7,0,0,1,0,0,1,0,0,0,1,1,0,0,0,0,0,0,0,0,2950,0
Four Seasons Hotel New York,10022,88,8.8,9.3,8.8,8.6,9,7.6,9.5,9.3,0,0,0,1,0,0,1,0,0,1,0,1,0,0,1,1,0,0,0,0.7,0
Nice and Renovated Apartments near Times Square,10018,9,7.5,6.7,7,6.7,7.8,7.5,9.2,2,0,0,0,0,0,0,0,0,0,1,1,0,1,0,0,1,0,0,0,1.1,2
Hampton Inn Madison Square Garden,10001,1125,8.6,8.8,8.2,8.2,9.1,8,8.5,9.3,0,0,0,1,1,0,1,0,0,1,0,1,0,0,0,1,0,0,0,1.5,0
AC Hotel by Marriott New York Times Square,10018,27,8.4,8.6,8.3,8.3,8.5,7.5,8.8,9.1,0,0,0,1,0,0,0,0,0,1,0,0,0,1,1,1,1,1,0,1,0
Roger Smith Hotel,10017,596,8.5,8.5,8.4,7.9,8.8,8,8.9,9.3,0,0,0,1,1,1,1,0,0,1,0,0,0,0,1,1,0,0,0,1,0
Courtyard by Marriott New York Manhattan/ Fifth Avenue,10016,322,7.9,8.2,7.7,7.3,8,7.1,8.6,9.2,0,0,0,1,1,0,1,0,0,1,0,0,0,0,0,1,1,0,0,1.1,0
Hôtel Plaza Athénée,10065,546,8.6,9,8.6,8.3,9,7.7,8.7,9.3,0,0,0,1,0,1,1,0,0,1,0,1,0,0,1,1,0,0,0,0.7,0
Home In The Heart Of East Village,10009,6,7,6.3,6.7,7.1,8.3,5.8,7.5,7.9,0,0,1,0,0,1,0,0,0,1,1,0,0,0,0,1,0,0,0,2.9,1
Aloft Harlem,10027,931,8.5,8.8,8.6,8.4,8.9,7.9,8.5,8.2,1,0,0,0,0,0,1,0,0,1,0,1,0,1,1,1,0,0,0,3.1,0
PermaGO Seaport,10038,9,7.8,8.3,7.8,7.2,8.1,7,7.5,8.8,0,0,1,0,0,0,0,0,1,1,1,0,1,0,0,1,0,0,0,4.3,0
Broome Street Apartment - Lower East Side #19,10002,14,7.6,8.2,7,7.3,7.7,7.3,7.9,5,0,0,1,0,0,0,0,1,0,1,1,0,0,0,0,1,0,0,0,3.1,2
NYLO New York City,10024,1338,8.2,8.4,8.4,8,8.2,7.5,8.1,8.9,0,0,0,1,0,0,1,0,0,1,0,1,0,0,1,1,1,0,0,1,0
The Plaza,10019,487,8.5,8.8,8.9,8.5,8.4,7.4,6.5,9.3,1,0,0,0,0,1,1,0,0,0,0,1,0,0,1,1,0,0,1,2600,0
The Kimberly Hotel & Suites,10022,594,9.2,9.4,9.4,9,9.3,8.6,6.2,9.4,0,0,0,1,0,1,1,0,0,0,0,0,0,0,1,1,1,0,1,1,0
The Townhouse Inn of Chelsea,10011,337,8.6,8.7,8.4,8.2,9,8.3,8.2,9.3,0,1,0,0,0,1,0,0,0,1,0,0,1,0,1,1,0,0,0,1.8,0
Harlem Lofts,10027,13,9.2,10,9.4,9.4,9.2,8.5,8.8,8.7,0,0,0,0,0,0,0,0,0,1,1,1,0,0,0,1,0,0,0,3.1,0
Hotel Alexander,10025,45,8.1,8,7.7,7.6,8.3,8.4,6.2,8.6,0,1,0,0,0,1,0,0,0,1,0,0,1,0,0,1,0,1,0,1.9,0
3 West Club,10019,369,8.2,8.5,7.7,7.4,8.6,7.7,8.3,9.5,0,0,0,0,0,1,1,0,0,1,0,0,0,0,1,1,1,1,0,0.7,0
Beauty Near Times Square,10019,24,8.5,8.8,7.7,7.6,8.7,8.2,9,9.8,0,0,1,0,0,1,1,1,0,1,0,0,0,0,0,1,0,0,0,2300,0
The William,10016,715,8.9,9.2,9.1,8.7,9,8.2,9,9.4,0,0,0,0,0,1,1,0,0,1,0,0,0,0,0,0,0,0,0,1.2,0
"Hotel Henri New York, A Wyndham Hotel",10010,501,7.6,7.6,7.4,6.9,8,7,8.1,8.7,0,0,0,1,1,0,1,0,0,1,0,0,0,0,1,1,1,0,0,1.8,1
WestHouse Hotel New York,10019,704,8.2,8.4,8.4,7.9,8.5,7.1,8.9,9.1,0,0,0,0,0,1,1,0,0,1,0,1,0,1,1,1,0,0,0,1300,0
Fairfield Inn & Suites by Marriott New York Midtown Manhattan/Penn Station,10001,1103,8.5,8.7,8.5,8.2,8.6,7.9,8.6,9.2,0,0,0,0,0,0,1,0,0,1,0,0,0,1,1,1,0,1,0,1.3,0
Hotel Elysee by Library Hotel Collection,10022,656,9.1,9.4,9,8.7,9.5,8.6,9.1,9.7,0,0,0,0,1,0,1,0,0,1,0,0,0,1,1,1,1,0,0,0.7,0
New York Marriott Downtown,10006,587,8.4,8.7,8.4,8.1,8.5,7.7,6.9,9,0,0,0,0,0,1,0,0,0,1,0,0,0,1,1,1,1,0,0,4.3,0
Hotel Mimosa,10002,492,8.3,8.5,8,7.9,9.2,8.1,9.2,8,0,0,1,0,0,0,0,0,1,1,0,0,1,0,0,1,0,1,0,3.7,0
W New York - Union Square,10003,178,8.3,8.6,8.6,8.1,8.2,7.2,5.1,9.1,0,0,0,1,0,1,1,0,0,0,0,1,0,0,1,1,0,0,1,2.2,0
Athenas Domus CS,10011,31,9.4,9.8,9.5,9.5,9.1,8.9,10,9.5,0,0,0,0,0,0,0,0,0,1,0,0,0,0,0,0,0,0,0,2,0
Hotel Mulberry,10013,717,8.6,9,8.7,8.1,8.9,8.2,8.1,8.6,0,0,0,0,1,1,1,0,0,1,0,0,0,1,0,1,0,0,0,3.7,0
Hotel Giraffe by Library Hotel Collection,10016,455,9.4,9.6,9.5,9.1,9.7,8.8,9.4,9.6,0,0,0,0,1,1,1,0,0,1,0,0,0,0,1,1,1,0,0,1.8,0
Fitzpatrick Manhattan,10022,543,8.8,9.1,8.8,8.3,9.1,8.2,4.8,9.3,0,0,0,0,1,0,1,0,0,0,0,0,0,1,1,1,1,0,1,0.9,0
Renaissance New York Times Square Hotel,10036,348,8.2,8.3,8.3,7.8,8.2,7.1,6.3,9.5,0,0,0,0,0,1,1,0,0,1,0,1,0,0,0,1,0,0,0,0.6,0
The Sherry Netherland,10022,183,9.3,9.5,9.5,9,9.6,8.5,9.4,9.8,0,0,0,1,0,0,1,0,0,1,0,1,0,0,0,1,1,0,0,2950,0
Nice Apartment in the Heart of Upper East Side,10028,18,8.5,8.2,8.3,8.3,8.3,8.5,10,9.2,0,0,0,0,0,1,0,0,0,1,1,0,0,0,0,1,1,0,0,1.8,0
Sago Hotel,10002,204,8.8,9.2,8.9,8.6,9.1,8,9,9,0,0,0,1,1,1,0,0,0,1,0,0,0,0,1,1,1,0,0,3.1,0
Jun New York Mid Town II,10001,30,8.3,7.9,7.8,7.9,8.3,8.1,9.4,9.6,0,0,1,0,0,1,0,0,0,1,1,0,1,0,0,1,0,0,0,1.5,0
Library Hotel by Library Hotel Collection,10017,464,9.3,9.6,9.2,9.2,9.7,8.4,9.6,9.6,0,0,0,0,1,1,1,0,0,1,0,0,0,0,1,1,1,0,0,1.1,0
The Marmara Manhattan,10128,170,8.7,8.6,8.9,8.4,9.1,8.2,8.1,8.8,0,0,0,1,0,1,1,0,0,1,0,1,0,0,0,1,0,0,0,2.1,0
Lower East Side 3 Bedroom,10002,14,8.2,8.9,8.8,8.4,8.4,7.7,7,4,0,0,1,0,0,1,0,0,0,1,0,0,1,1,0,1,0,0,0,3.1,2
San Carlos Hotel New York,10022,999,8.9,9.1,8.9,8.6,9.4,8.3,9.2,9.3,1,0,0,0,0,1,1,0,0,1,0,0,0,0,1,1,1,0,0,1,0
Jenny's Apartments - Upper East Side,10029,40,8.8,9.5,8.6,8.1,9.5,8.6,9.5,8.2,0,0,1,0,0,1,0,0,1,1,0,0,0,0,0,1,0,0,0,2.6,0
Athenas Domus HL,10011,14,8.6,8.9,8.4,8.6,8.6,8.4,9.2,8.8,0,0,0,0,0,0,0,0,0,1,1,1,1,0,0,1,0,0,0,2.1,0
Serviced Concierge Elevator 1 BDR,10017,9,8.3,7,7.5,8.3,9.5,7.8,7.5,9.5,0,0,0,0,0,0,1,0,0,1,0,0,0,1,0,1,0,1,0,1.3,0
Super Comfortable Times Sqr Central Park Broadway,10019,67,8.4,8.1,7.8,8.2,8.6,8.1,8.8,9.5,0,0,1,0,0,1,0,0,0,1,1,0,0,0,0,1,0,0,0,1800,0
Modern Three Bedroom Apartment - Upper East Side,10075,10,8.3,9,8.3,8.8,7.8,7.3,10,8.8,0,0,0,0,0,1,1,1,0,1,0,1,0,0,0,1,0,0,0,1.5,0
Gild Hall - A Thompson Hotel,10038,720,9,9.3,9.2,8.9,9.4,8.5,8.7,9,1,0,0,0,0,0,1,0,0,1,0,1,0,0,1,1,1,0,0,4.3,0
Jazz on Columbus Circle Hostel,10019,2655,8,8.1,7.6,7.5,7.8,7.6,7.8,9.3,0,1,0,0,0,0,0,0,0,1,1,0,0,1,0,1,0,1,0,1000,0
Fitzpatrick Grand Central,10017,636,9,9.2,9,8.6,9.3,8.4,4.3,9.5,0,0,0,0,1,0,1,0,0,0,0,0,0,1,1,1,1,0,1,1.1,0
The High Line Hotel,10011,242,8.6,8.8,8.8,8.1,8.9,7.4,9.3,9.2,0,0,0,1,0,0,1,0,0,1,0,1,0,1,1,1,0,0,0,2,0
Michelangelo Hotel,10019,1108,8.8,9.1,9.1,8.5,8.6,8,8.3,9.4,0,0,0,1,1,1,1,0,0,1,0,0,0,1,1,0,0,0,0,2450,0
The Premier Times Square by Millennium,10036,708,8.2,8.4,8.2,7.6,8.1,7.4,8.3,9.4,0,0,0,1,0,0,1,1,0,1,0,0,0,0,1,1,1,0,0,0.8,0
Edge Hotel Washington Heights,10032,371,8.6,9.2,8.5,8.4,9.3,7.9,9.2,8.3,0,0,0,1,0,0,1,0,0,1,0,0,0,0,0,1,0,1,0,5,0
NYC Townhouse,10031,13,9.1,9.6,9.1,9.1,9.6,8.7,8.3,9,0,0,0,1,0,1,1,1,0,1,0,0,0,0,0,0,0,1,0,3.7,0
The Gallery House,10030,107,8.5,8.8,8.2,8.2,9.5,8.2,9.8,8.4,0,0,1,0,0,1,0,0,0,1,1,0,0,0,0,0,0,0,0,3.7,0
Ivy Tower Suites in Times Square,10036,9,8.3,8.1,7.8,8.3,8.6,8.1,7.5,9.2,0,0,1,1,0,1,0,0,0,1,0,1,0,0,0,1,0,0,0,0.8,0
Jun New York Mid Town I,10001,18,8.4,7.8,8.2,8.2,8.8,7.9,7.5,9.6,0,0,1,0,0,1,1,0,0,1,0,0,1,0,0,1,0,0,0,1.5,0
Duane Street Hotel Tribeca,10013,275,8.6,8.7,8.3,8.1,9.3,7.9,8.8,9.1,0,0,0,0,0,1,1,0,0,1,0,1,0,0,0,1,1,0,0,3.7,0
Jun New York Mid Town III,10001,49,8.6,8.3,8.5,8.3,8.8,8.3,10,9.6,0,0,1,0,0,1,1,0,0,1,0,0,1,0,0,1,0,0,0,1.5,0
Courtyard New York Manhattan/Upper East Side,10128,796,8.1,8.6,8.3,7.9,8.2,7.6,8.8,8.1,1,0,0,0,0,0,1,0,0,1,0,0,0,1,0,1,0,1,0,2.1,0
Historic Harlem Duplex,10027,163,8.4,8.5,8.2,8.3,8.6,8.2,9.4,8.5,0,0,0,0,0,1,0,0,0,1,0,1,0,0,0,1,0,0,0,3.1,0
"The Algonquin Hotel Times Square, Autograph Collection",10036,159,8.6,9,8.5,8,8.7,7.7,9.2,9.5,0,0,0,1,0,1,1,0,0,1,0,1,0,0,1,1,0,0,0,0.8,0
"Broadway, Times Square, Central Park Studio",10019,18,8.3,8.4,7.9,8.2,8.6,7.9,9.4,8.9,0,0,1,0,0,1,0,0,0,1,1,0,0,0,0,1,0,0,0,2800,0
The Wall Street Inn,10004,488,8.6,9.1,8.8,8.3,8.1,8.1,8.7,9.1,0,0,0,1,0,1,1,0,0,1,0,0,0,1,0,1,0,0,0,4.3,0
The Marmara Park Avenue,10016,413,8.8,9.2,9,8.8,9,8.2,9.4,8.9,0,0,0,1,0,1,1,0,0,1,0,0,0,0,0,1,0,0,0,1.6,0
West 119th B&B,10026,63,9.3,9.5,9.2,9.2,9.7,9.1,7.5,8.9,0,0,1,0,0,0,0,0,0,1,1,0,0,0,0,0,0,0,0,3,0
The Greenwich Hotel,10013,123,9.4,9.8,9.6,9.5,9.6,8.5,8.9,9.6,0,0,0,0,0,0,1,0,0,1,0,1,0,0,1,1,0,0,0,3.1,0
Three-Bedroom Apartment West 25th Street,10022,15,7.6,7.7,6.8,8,7.7,6.8,8.8,8.7,0,0,1,0,0,1,0,0,0,1,1,0,0,0,0,1,0,0,0,1.7,1
Casablanca Hotel by Library Hotel Collection,10036,498,9.5,9.7,9.4,9.2,9.8,8.8,9.5,9.9,0,0,0,0,1,1,1,0,0,1,0,0,0,0,0,1,1,0,0,0.8,0
Times Square Perfect Home,10019,23,8.6,8.8,8.3,8.2,8.8,7.6,10,9,0,1,0,0,0,1,1,0,0,1,0,0,0,0,0,1,0,0,0,2300,0
Two Bedroom Apartment - East 34th Street,10016,21,7.9,7.8,7.4,7.8,8.5,7,10,9.2,0,0,1,0,0,1,0,0,0,1,1,0,1,0,0,0,0,0,0,1.5,0
Holiday Inn New York City - Times Square,10018,401,8.1,8.4,7.9,7.7,8.4,7.3,8.6,8.9,1,0,0,0,1,0,1,0,0,1,0,0,0,0,1,1,1,0,0,1,0
Shelburne Hotel & Suites by Affinia,10016,829,8.2,8.3,8.4,7.9,8.2,7.5,8.4,8.9,1,0,0,0,0,1,1,0,0,1,0,1,0,0,1,1,0,0,0,1.4,0
"The Ritz-Carlton New York, Central Park",10019,139,8.7,9.1,8.9,8.7,8.9,7.3,7.5,9.3,0,0,0,0,0,1,1,1,0,0,0,0,0,0,1,1,0,0,1,1950,0
The James New York - SoHo,10013,356,8.2,8.2,8.3,8.1,8.6,7,8.9,8.9,0,0,0,1,0,1,1,0,0,1,0,0,0,0,1,1,0,0,0,3.1,0
Large 1 Bedroom Chinatown,10013,19,9.2,9.5,9,9.2,9.2,9.2,10,9.1,0,0,1,0,0,0,0,0,0,1,1,0,0,0,0,0,0,0,0,3.1,0
Full Studio Near The Central Park,10019,45,8,8,7.8,7.6,8.2,7.6,8.2,9,0,0,1,0,0,1,0,0,0,1,1,0,0,0,0,0,0,0,0,1650,0
Central Park N Residence,10026,13,8.5,8.7,9.1,8.7,8.7,8.5,7.5,7.5,0,0,1,0,0,0,1,0,0,1,1,0,1,0,0,0,0,0,0,2.9,0
Lowell Hotel,10065,31,9,9.7,9.1,8.7,9,7.6,8.8,9.5,0,0,0,1,0,1,1,0,0,1,0,1,0,0,1,0,1,0,0,0.7,0
The Madison House,10038,54,8.8,9.2,8.5,8.7,9,8.8,7.5,8.5,0,0,1,0,0,1,0,0,0,1,1,0,0,0,0,0,0,0,0,3.7,0
Sweet Home,10019,10,9.4,9.5,9.3,9.8,9.5,9,9.3,8,0,0,0,0,0,1,1,1,0,1,0,0,1,0,0,1,0,0,0,2600,0
The Tuscany - A St Giles Signature Hotel,10018,810,8.6,8.8,9,8.2,8.6,8.2,7.4,9.2,0,0,0,0,0,0,1,0,0,0,0,0,0,1,1,1,0,1,1,1.3,0
Wyndham Midtown 45,10017,163,7.9,8,7.9,7.6,8.1,7.1,7.3,8.6,0,0,0,1,0,1,1,0,0,1,0,0,0,1,0,1,0,0,0,1.2,0
Midtown West Suites at 48th Street and Times Square,10036,37,8.4,8.3,7.9,8.3,8.1,8.2,10,9.8,0,0,0,0,0,1,0,0,0,1,0,0,1,0,0,1,0,0,0,2950,0
Fairfield Inn & Suites New York Manhattan/Downtown East,10002,999,8.3,8.8,8.4,8.3,8.7,8.2,9,7.5,0,0,0,1,1,1,1,0,0,1,0,0,0,0,0,1,0,0,0,3.7,0
The Broome,10013,296,9.2,9.5,9.1,8.8,9.5,8.3,9.4,9.6,0,0,0,1,0,0,0,0,0,1,0,0,0,1,0,1,0,1,0,3.1,0
Manhattan Studio Apartment mid-west,10019,54,7.9,8,7.2,7.7,8.7,7.2,9.6,8.4,0,0,1,0,0,0,0,0,0,1,1,0,0,0,0,1,0,0,0,0.7,0
Great View Midtown East 2BR apt,10022,7,8.3,7.9,7.5,8.2,8.6,8.3,9.2,4,0,0,0,0,0,1,0,1,0,1,1,0,0,0,0,0,1,0,0,1.1,2
Lex Hotel NYC,10010,288,8.8,9.3,8.5,8.2,9.5,8.4,9.1,8.9,0,1,0,0,0,0,1,0,0,1,0,1,0,0,0,1,0,1,0,1.9,0
CITY ROOMS NYC - Soho,10013,1226,8.1,8.1,7.6,7.5,9.1,7.7,8.9,8.7,0,1,0,0,0,0,0,0,0,1,0,0,1,1,0,1,0,1,0,3.1,0
West 57th Street by Hilton Club,10019,24,8.7,9,8.9,8.3,8.8,7.8,8.6,9.7,0,0,0,0,1,1,1,0,0,1,0,0,0,1,0,1,0,0,0,1800,0
Travel Inn - Midtown Manhattan,10036,1305,7.6,7.7,7.3,7.1,7.2,7.3,4,8.7,0,0,0,0,0,0,1,0,0,0,0,0,0,1,0,1,0,1,1,0.9,1
The Cozy Apartment,10001,16,7.1,6.6,6.3,6.6,6.7,7.2,8.1,9.4,0,0,0,0,0,1,0,0,0,1,0,0,1,0,0,1,0,0,0,1.5,1
Omni Berkshire Place,10022,311,8.7,8.9,8.8,8.3,8.6,7.9,5.6,9.6,0,0,0,1,0,1,1,0,0,0,0,1,0,0,1,1,0,0,1,0.7,0
Soul Food (Mont Morris),10027,447,8.8,9.2,8.8,8.6,9.1,8.8,8.5,8.3,0,1,1,0,0,0,0,0,0,1,1,0,0,0,0,1,0,0,0,3.1,0
Three Bedroom Apartment - West 148th Street,10031,29,8,8.4,8.2,7.7,8.1,7.4,10,8,0,0,1,0,0,1,0,1,0,1,1,0,0,0,0,1,0,0,0,4.3,0
Stewart Hotel,10001,3787,7.8,7.6,7.6,7.4,8.1,7.1,8.3,8.9,1,0,0,0,0,1,1,0,0,1,0,1,0,0,1,1,0,0,0,1.5,1
414 Hotel,10036,329,9.2,9.5,9,8.5,9.9,8.5,9.7,9.7,0,1,1,0,0,0,0,0,0,1,0,0,0,0,0,1,0,1,0,0.7,0
The Benjamin,10022,755,8.1,8.2,8.2,7.7,8.4,7.3,7.9,9,1,0,0,0,0,1,1,0,0,1,0,1,0,0,1,1,0,0,0,1,0
Colonial House Inn,10011,474,8.2,8.6,7.5,7.6,8.9,7.7,8.1,9.1,0,1,0,0,0,1,0,1,0,1,0,0,0,0,0,1,0,1,0,1.9,0
Avalon Hotel,10016,961,8.4,8.6,8.4,7.9,8.6,7.7,8.4,9.1,0,0,0,1,0,1,1,0,0,1,0,0,0,1,0,1,0,0,0,1.5,0
SoHo Garden Hotel,10013,1625,7.8,8,7.2,7.1,8.4,7.4,8,8.5,0,0,1,0,0,1,0,0,0,1,0,0,1,0,0,1,0,1,0,3.1,1
Incentra Village Hotel,10014,176,7.8,7.8,7.5,7,8.2,7.3,8.9,9.2,0,1,0,0,1,0,0,0,0,1,0,0,0,0,0,1,0,1,0,2.4,1
One Bedroom Apartment - Two Columbus Place,10019,9,7.5,7,7.2,7.5,7.5,6.7,9.2,2,0,0,1,0,0,0,0,0,0,0,1,0,1,0,0,1,0,0,1,1150,2
NYC Townhouse Apartment,10026,34,8.7,8.5,8.2,8.5,9.6,8.2,10,9,0,0,1,0,0,1,1,0,0,1,1,0,0,0,0,0,0,0,0,3,0
Off SoHo Suites Hotel,10002,503,7.9,7.8,7.5,7.3,8.3,8,8.1,8.7,0,0,0,1,0,1,0,0,1,1,0,0,1,0,0,0,0,1,0,3.1,0
Luxurious Two Bedroom Apartment in Doorman Building - Lincoln Center,10023,11,8.1,8.9,8.4,8.2,7.5,7.3,8.4,6,0,0,0,1,0,1,1,0,0,1,0,1,0,0,0,1,0,0,0,0.6,0
Comfort Inn Midtown West,10036,465,7.9,8,7.6,7.5,8.5,7.5,8,8.1,0,0,1,0,0,0,1,0,0,1,1,0,1,0,0,1,0,0,0,0.7,0
"Night Hotel Theater District, Times Square",10036,641,7.8,8,7.3,7.1,8.1,7,7.8,9.2,1,0,0,0,0,1,1,0,0,1,0,1,0,0,1,1,0,0,0,0.8,1
"Studio 2 min Walk to Times Square, 9th Ave and Central Park",10019,29,8,7.9,7.8,7.7,8.7,7.3,10,9,0,0,1,0,0,1,0,0,0,1,1,0,0,0,0,1,0,0,0,1800,0
The Ridge Hotel,10002,1413,7.9,8,7.3,7.3,8.7,7.6,7.4,8.7,0,0,0,0,1,0,1,0,0,1,0,0,0,1,1,1,0,1,0,3.1,0
Hampton Inn Seaport Financial District,10038,350,8.1,8.4,7.9,7.7,8.7,7.7,8.4,9,0,0,0,1,0,0,1,0,0,0,0,0,0,1,0,1,0,1,0,3.7,0
Nap York,10018,173,8.3,8.6,7.8,7.8,8.5,7.7,8.1,9.3,0,1,1,0,0,0,0,0,0,1,1,0,0,0,0,1,0,1,0,1.2,0
The GEM Hotel - Chelsea,10011,1976,7.7,7.7,6.9,7,8.5,7.2,8.1,8.8,0,0,0,1,0,0,1,0,0,1,0,0,0,0,1,1,0,1,0,1.9,1
Wyndham Garden Chinatown,10002,550,8,8.6,8.1,7.8,8,7.5,8.3,8.2,0,0,0,1,0,1,1,0,0,1,0,1,0,0,1,1,0,0,0,3.1,0
Apartments Lincoln Center,10023,42,8.2,8,7.9,7.5,8.3,7.8,7.7,9.6,0,0,1,0,0,0,0,0,0,1,1,0,1,0,0,1,0,0,0,1950,0
Courtyard by Marriott New York Manhattan / Soho,10014,195,8.6,8.8,8.6,8.2,9.1,7.9,8.9,9,0,0,0,1,0,1,1,0,0,1,0,0,0,0,0,1,1,0,0,3.1,0
Newly Renovated Three Bedroom Lower East Side,10002,13,8.3,8.5,7.1,7.9,9.6,7.9,10,9.1,0,0,0,0,0,1,1,0,0,1,0,1,0,0,0,0,0,0,0,3.1,0
Hotel St. James,10036,635,7.9,8,7.2,6.9,8.4,7.7,8.1,9.4,0,0,0,0,0,1,0,1,0,1,0,0,0,1,0,1,0,1,0,0.8,0
Spacious studio in an elevator concierge building,10017,9,8.3,7.8,7.5,7.8,8.9,8.1,10,9.5,0,0,0,0,0,0,0,0,0,1,1,0,1,0,0,1,0,0,0,1.4,0
"Marriott Vacation Club Pulse, New York City",10018,141,8.5,9,8.2,7.8,9.1,7.4,9,9.2,0,0,0,1,0,0,1,0,0,1,0,0,0,0,1,1,1,1,0,1.2,0
Times Square Studio,10019,41,8.3,7.7,7.9,8.2,8.6,8,8.3,9.2,0,0,1,0,0,1,0,0,0,1,1,0,0,0,0,1,0,0,0,1650,0
Holiday Inn Lower East Side,10002,216,8.1,8.7,8.2,7.8,8.7,7.4,8.6,7.9,1,0,0,0,1,1,0,0,0,1,0,0,0,0,1,1,1,0,0,3.1,0
The Marc Suites at Times Square,10019,18,8.7,8.3,8.8,9,8.1,8.8,10,9.5,0,0,1,1,0,1,0,0,1,1,0,0,1,0,0,0,0,0,0,1650,0
Hotel 31,10016,2124,8.1,8.7,7.4,7.3,8.2,7.9,7.5,9.1,0,1,0,0,0,1,0,0,0,1,0,0,1,0,0,1,0,1,0,1.6,0
Hotel Newton,10018,1317,7.7,8.1,7.3,7,7.8,7.4,4.7,8.5,0,0,0,0,1,1,1,0,0,0,0,0,0,1,0,1,0,0,1,1.8,1
Four Bedroom Apartment - NYC,10027,15,8.8,9.2,8.3,8.7,9.2,8.5,8.8,9,0,0,1,0,0,0,1,0,0,1,1,0,0,0,0,1,0,0,0,3.1,0
The Modern @ Rockefeller,10036,14,8,7.9,7.5,8,7.5,7.3,9.7,3,0,0,0,1,0,0,0,0,0,1,1,0,1,0,0,1,0,0,0,0.7,2
Hotel Americano,10001,251,8,8.6,7.8,7.9,8.6,7.2,8.5,8.2,0,0,0,0,0,0,1,0,0,1,0,1,0,0,1,1,1,0,0,1.7,0
Hotel Mela Times Square,10036,1762,7.8,8,7.5,7.1,8.1,7,6.7,9.3,0,0,0,1,0,0,1,0,0,0,0,1,0,0,1,1,1,0,1,0.8,1
Be Local Chinatown,10038,45,8.5,8.8,7.8,8.3,9.1,8.5,8,8.3,0,1,1,0,0,1,0,0,0,1,1,0,0,0,0,1,0,0,0,3.7,0
PermaGO Wall Street,10038,98,8.3,8,8.2,8.3,8.2,8,9.3,9.1,0,0,1,0,0,1,0,0,0,1,1,0,1,0,0,1,0,0,0,3.7,0
W New York - Downtown,10006,362,8,8.1,8.2,7.7,8,7.4,4.6,8.5,0,0,0,1,0,1,1,0,0,0,0,1,0,0,1,1,0,0,1,4.3,0
Home Away From Home,10016,63,7.8,7.4,7.3,6.9,8.2,7.6,7.3,9.4,0,0,1,0,0,1,0,0,0,1,1,0,1,0,0,1,0,0,0,1.6,1
Park Lane Hotel - A Central Park Hotel,10019,6930,7.6,7.4,7.6,7,7.6,6.8,7.7,9.3,0,0,0,1,0,0,1,0,0,0,0,1,0,0,1,1,1,0,1,2150,1
Holiday Inn Express - Wall Street,10005,738,8.1,8.3,7.6,7.7,8.5,7.6,7.8,8.6,0,0,0,1,0,0,1,0,0,1,0,0,0,1,0,1,0,1,0,4.3,0
Park Central,10019,5597,7.9,8.1,8,7.4,7.5,7,8.3,9.1,0,0,0,1,0,0,1,1,0,1,0,0,0,1,1,1,0,0,0,1300,0
Manhattan Studio in Hells Kitchen,10036,43,8.8,9,8.3,8.7,9.4,8.3,9.6,8.9,0,0,0,0,0,0,0,0,0,1,1,0,0,0,0,1,0,0,0,0.7,0
Lita's New York Apartments,10031,76,8.4,9.2,8.2,8.1,9,7.7,8.8,8.2,0,0,1,0,0,1,1,0,0,1,1,0,0,0,0,1,0,0,0,4.3,0
Little Italy Grand,10013,37,8.2,8.4,7.8,8.1,8.9,7.6,10,8.6,0,0,1,0,0,1,0,0,0,1,1,0,0,0,0,1,0,0,0,3.1,0
The Park Ave North,10035,556,7.7,8.4,7.8,7.5,8,7.7,7.9,6.8,0,1,1,0,0,1,0,0,0,1,0,0,0,0,0,1,0,0,0,3.1,0
Huge 2 Bed 2 Bath Apartment in Building with Elevator,10065,7,8.5,7.5,8.2,8.2,9.3,7.9,9.7,3,0,0,0,0,0,0,0,0,0,1,1,0,1,0,0,1,0,0,0,1.2,2
Chelsea Inn,10011,1286,7.4,7.5,6.8,6.8,7.7,7.1,7.5,8.8,0,1,1,0,0,0,0,0,0,1,1,0,0,0,0,1,0,1,0,2.1,1
New York Marriott East Side,10017,303,7.8,7.9,7.7,7.4,7.9,7,5.1,8.8,0,0,0,1,0,1,1,0,0,1,0,0,0,0,1,1,1,0,0,1,1
Green Holidays Apartments,10001,275,7.4,7.4,6.8,6.8,7.4,6.9,7.6,8.9,0,0,0,0,0,1,0,1,0,1,0,0,1,1,0,1,0,0,0,1.5,1
Apartment Close to Time Square,10019,39,8.4,8,8,7.8,8.6,8.1,9.7,9.6,0,0,1,0,0,1,0,0,0,1,1,0,0,0,0,1,0,0,0,1650,0
PermaGO FiDi,10038,51,8.3,8.2,8.1,8.2,8.3,8,9.3,8.8,0,0,1,0,0,1,0,0,0,1,0,0,1,0,1,1,0,0,0,3.7,0
Maison le Grange,10032,30,9.1,9.3,9.2,9.1,9.3,9,10,8.8,0,0,0,0,0,0,1,1,0,1,0,0,0,1,0,1,0,0,0,5,0
Saint Nicholas Inn,10032,79,8,7.7,7.8,7.6,8.6,8.1,8.4,8,0,1,1,0,0,0,1,0,0,1,1,0,0,0,0,0,0,0,0,4.3,0
Comfort Inn Times Square West,10034,528,8,7.7,7.6,7.5,8,7.7,8.5,9.2,0,0,0,0,0,0,1,0,0,1,0,0,0,0,0,1,0,0,0,0.8,0
Holiday Inn Wall Street,10038,629,7.9,8.1,7.8,7.4,8.4,7.4,8.7,8.5,0,0,0,1,1,1,0,0,0,1,0,0,0,0,1,1,1,0,0,4.3,0
"Times Sq, Broadway, Central Pk- Steps Away",10019,38,8.2,8.2,8,7.9,8.2,7.8,9.4,9.2,0,0,1,0,0,1,0,0,0,1,1,0,0,0,0,1,0,0,0,1650,0
3/2 Central Park #4,10019,6,8,8.3,8.3,8.3,8.5,6.3,8.3,4,0,0,0,0,0,1,1,0,0,1,0,0,0,0,0,0,0,0,0,650,2
Holiday Inn Express Manhattan Midtown West,10036,243,7.7,8,7.5,7.5,8.1,7.1,8.4,7.9,0,0,0,1,0,0,1,1,0,1,0,0,0,1,0,1,0,0,0,0.7,1
Renovated 3 Bedroom Loft Manhattan #44,10002,25,8.1,8.9,7.9,8.2,8.6,7.3,8.8,7.8,0,0,1,0,0,0,0,1,0,1,1,0,0,0,0,1,0,0,0,3.7,0
Loft with Central Park View,10025,54,8.7,8.9,8.4,8.4,9.2,8.1,9.2,9,0,0,0,0,0,0,0,1,0,1,0,0,0,0,1,1,1,0,0,2.6,0
Studio Apartment - East 31st Street #30,10016,26,7.8,7.7,7.6,7,7.6,7.6,10,9.1,0,0,1,0,0,0,0,1,0,1,1,0,0,1,0,1,0,0,0,1.6,1
6 Columbus - A SIXTY Hotel,10019,286,7.6,7.8,7.1,7,7.8,6.6,7.5,9.1,0,0,0,0,1,1,1,0,0,1,0,0,0,0,1,1,1,0,0,500,1
Studio Plus - Cozy Apartments,10001,250,7.1,6.5,6.6,6.6,7.4,6.8,8.2,8.6,0,0,1,0,0,0,0,0,0,1,1,0,1,0,0,1,0,0,0,1.5,1
Seafarers International House,10003,1858,7.5,7.3,6.7,6.6,7.7,7.7,5.7,9,0,0,0,0,0,1,0,0,0,1,0,0,1,1,0,1,0,1,0,2.4,1
Sunny Three Bedroom Apartment Lower East Side,10002,7,7.9,7.5,7.5,8.2,8.8,7.5,10,7.9,0,0,0,0,0,1,1,0,0,1,0,1,0,0,0,1,0,0,0,3.1,0
Hamilton Heights: Luxurious 2 Bedroom Home,10031,18,8,8.2,8.1,7.8,7.7,7.5,10,8.5,0,0,1,0,0,1,0,0,0,1,1,0,0,0,0,0,0,0,0,3.7,0
Da Vinci Hotel,10019,1097,7.6,7.7,7,6.8,7.8,7.2,7.7,9.1,0,0,0,0,1,0,1,0,0,1,0,0,0,0,1,1,1,1,0,1000,1
Parker New York,10019,611,7.7,7.9,7.6,7.3,8,6.5,7.6,8.9,0,0,0,1,0,1,1,0,0,1,0,0,0,0,1,1,0,0,0,1800,1
Modern Studio Apartment - Midtown East L,10017,5,7.8,7,8.5,8,6.5,7.5,9.5,0,0,0,0,1,0,0,0,0,0,1,0,0,1,0,0,1,1,0,0,1.3,2
"Nyma, The New York Manhattan Hotel",10001,3892,7.6,7.5,7.4,7.1,7.6,7.2,7.5,8.7,0,0,0,1,0,1,1,0,0,0,0,0,0,1,1,1,0,0,1,1.5,1
Hilton Club New York,10019,21,8.5,8.8,8.8,8.6,8.1,7.2,10,9.7,0,0,0,0,0,1,1,0,0,1,0,0,0,1,0,1,0,1,0,2300,0
2 Bedrooms Suite in Financial Disctrict,10005,17,7.8,8.2,7.5,7.5,7.4,7.2,10,9,0,0,0,1,0,0,0,0,0,1,1,1,1,0,0,0,0,0,0,4.3,1
New private studio-apartment,10029,31,8,8.2,8.2,7.9,8.6,7.5,9.2,7.4,0,0,1,0,0,0,0,0,1,1,1,0,0,0,0,1,0,0,0,3.1,0
"The Paul, an Ascend Hotel Collection Member",10001,2016,7.8,8,7.6,7.3,7.9,7.2,8.1,8.7,0,0,0,0,0,0,1,0,0,1,0,0,0,0,0,1,0,0,0,1.6,1
Row NYC at Times Square,10036,13536,7.1,7,6.8,6.8,7.1,6.4,7.6,8.8,0,0,0,1,0,1,1,0,0,1,0,0,0,0,1,1,1,0,0,0.7,1
The Maxwell New York City,10022,924,7.6,7.8,7.4,7.2,7.7,6.7,5.9,8.5,0,0,0,1,0,1,1,0,0,0,0,1,0,0,1,1,0,0,1,1,1
East Side 3 bed 2 bath (6),10022,13,7.3,6.9,6.6,7.1,8.1,6.6,8.7,1,0,0,1,0,0,1,0,0,1,1,0,0,1,0,0,1,0,0,0,1.1,2
Chelsea Duplex Apartment,10011,7,7.7,7.2,8.2,8.6,7.9,6.8,7.5,7.5,0,0,0,0,0,0,0,0,0,1,0,0,0,0,0,1,0,0,0,2.2,0
One Bedroom Apartment - Mott Street #16,10013,15,7.3,7.7,7,6.8,7.7,7,10,7.8,0,0,1,0,0,0,0,1,0,1,1,0,0,0,0,1,0,0,0,3.1,1
Macy Empire Apartments,10001,214,7.3,7.1,6.7,6.7,7.6,6.9,8,8.8,0,0,0,0,0,1,0,1,0,1,0,0,1,1,0,1,0,0,0,1.5,1
Steps From Times Sq and Central Park,10019,30,7.6,7.4,7.2,7.9,7.5,7,7.8,8.7,0,0,1,0,0,1,0,0,1,1,1,0,0,0,0,1,0,0,0,2300,1
Studio Apartment - United Nations Plaza,10017,28,7.8,7.8,7.3,7.4,7.6,7.8,9.4,9.1,0,0,1,0,0,0,0,1,0,1,1,0,0,0,0,1,0,0,0,1.3,1
Bloc Away From Central Park Three-Bedroom Apartment with Private Balcony,10025,22,6.5,6.3,6.9,6.3,6,6.1,10,7.5,0,0,0,0,0,0,0,0,0,1,0,1,0,0,0,0,1,0,0,2,1
NY Away - Hells Kitchen/ Times Square 2 Bedroom,10019,57,7.7,7.8,8,7.7,7.4,7,6.9,8.3,0,0,0,1,0,1,0,0,0,1,0,1,1,0,0,0,0,0,0,2800,1
Prime Location Times Square 2 Bedrooms,10018,6,8,8.5,7.5,7.5,7.9,7.5,9,2,0,0,0,0,0,0,0,0,0,1,1,0,0,0,0,1,0,0,0,1.2,2
Vanderbilt YMCA,10017,5337,7.2,7.3,6.2,6.9,7.2,7.1,7.6,8.7,0,1,0,0,0,1,0,0,0,1,0,0,1,0,0,0,0,0,0,1.2,1
Central Two Bedroom Apartment In Times Square,10018,87,6.1,5.7,5.2,5.4,6.1,5.4,7.7,8.4,0,0,1,0,0,1,0,1,0,1,1,0,0,0,0,0,0,0,0,1.1,1
Two Bedroom Apartment with City View - Lincoln Center,10023,8,7.6,7.5,7.8,7.8,7.5,7.2,7.5,7.8,0,0,0,1,0,1,1,0,0,1,0,1,0,0,0,1,0,0,0,0.6,1
Midtown Convention Center Hotel NYC,10018,2166,6.6,6.4,6.3,6.2,7.3,6.4,8,7.2,0,0,0,0,0,1,1,1,0,1,0,0,0,0,0,1,0,1,0,1.1,1
Chelsea Savoy,10011,128,7.6,7.9,7.1,6.8,7.9,7,7.7,8.6,0,1,0,0,0,0,0,0,0,1,0,0,1,1,0,1,0,1,0,1.8,1
Three-Bedroom Apartment with Two Bathrooms - East 55th Street,10022,14,8,7.5,8,7.9,8.9,6.8,7.5,8.8,0,0,0,0,0,1,0,0,0,1,0,0,0,0,0,0,0,0,0,1.1,0
St Marks Hotel,10003,553,7.1,7.1,6.1,6.1,7.8,6.9,7.9,8.5,0,1,0,0,0,1,1,0,0,1,0,0,0,0,0,1,0,1,0,2.7,1
Paramount Times Square,10036,5060,6.8,6.7,6.2,6.2,7.1,5.8,6.8,8.6,0,0,0,1,0,1,1,0,0,0,0,1,0,0,1,1,0,0,1,0.7,1
Mayfair New York Times Square,10019,569,7.3,7.1,6.6,6.3,7.9,6.8,7.9,9.3,0,1,0,0,0,0,0,0,0,1,0,0,0,0,1,1,1,1,0,2800,1
West Side YMCA,10023,5723,7.2,6.7,6.1,6.6,7.4,7.2,7.8,9.2,0,0,0,0,0,1,0,0,0,1,0,0,0,1,0,1,0,0,0,1150,1
Hudson River Hotel,10018,1545,6.9,6.9,6.5,6.2,8,6.5,7.1,7.5,0,1,0,0,0,0,0,0,1,1,0,0,1,0,0,1,0,1,0,1.2,1
Econo Lodge Times Square,10036,791,7.4,7.5,6.4,6.7,8.1,6.8,8.1,9.1,0,0,0,0,0,0,1,1,0,1,0,0,0,1,0,1,0,1,0,0.6,1
Bryant Park Studio Apartment Times Square South,10018,34,7.9,7.2,7.9,7.7,8.3,7.1,8.6,9.1,0,0,1,0,0,0,1,0,0,1,1,0,0,0,0,1,0,0,0,1.1,0
Madison Avenue Luxury Two Bedroom Apartments Next to Times Square,10016,55,7.1,7.6,6.4,6.8,7.5,6,7.7,8.1,0,0,1,0,0,1,0,0,0,1,1,0,0,0,0,1,0,0,0,1.6,1
Midtown Times Square Apartment,10019,12,7.7,6.9,7.5,7.7,8.1,6.9,9.5,8.8,0,0,1,0,0,0,0,0,0,1,1,0,0,0,0,1,0,0,0,2600,1
36 Hudson Hotel,10018,710,7.6,7.9,7.3,6.9,8.4,7.2,8,7.9,0,1,0,0,0,1,0,0,0,1,0,0,0,1,0,1,0,1,0,1.2,1
Little Italy Penthouse,10013,18,7.9,7.7,7,7.8,8.8,7.4,8.8,9,0,0,1,0,0,0,0,0,0,1,1,0,0,0,0,0,0,0,0,3.1,0
2 Bedroom Apartment Hell's Kitchen,10018,32,7,7.4,6.3,6.2,7.2,6,8.1,8.8,0,0,0,0,0,0,0,1,0,1,1,0,0,0,0,1,0,0,0,2150,1
The Manhattan at Times Square,10019,8229,6.9,6.4,6.6,6.2,7.3,6.1,8.9,9,0,0,0,1,0,1,1,0,0,0,0,0,0,1,0,1,0,1,0,2300,1
Park West Hotel,10025,588,7,7,6.2,6.1,7.9,6.6,4.8,7.9,0,1,0,0,0,0,0,0,0,0,0,0,1,1,0,1,0,1,1,2.4,1
Manhattan Studio Apartments,10001,188,7.3,7.1,7,7,6.9,7,9.1,9,0,0,1,0,0,1,0,0,0,1,1,0,1,0,0,1,0,0,0,1.5,1
Riverside Tower Hotel,10024,2219,7.2,7.2,6.1,6.1,8.2,7,8.3,8.4,0,0,0,0,0,1,0,0,1,1,0,0,1,0,0,1,0,1,0,1.2,1
Studio-Plus Apartment,10001,132,7.2,6.6,6.9,6.6,7.4,6.8,8.7,9,0,0,1,0,0,0,0,0,0,1,1,0,1,0,0,1,0,0,0,1.5,1
Two Bedroom Apartment - Madison Avenue,10016,27,7.2,6.8,6.5,6.3,8.1,6.3,8.8,9.2,0,0,1,0,0,1,0,0,0,1,1,0,0,0,0,1,0,0,0,1.4,1
The Ideal 2 Bedroom Getaway by Central Park UWS,10025,7,7.2,7.5,7.5,6.8,7.2,6.4,10,7.9,0,0,1,0,0,1,0,0,0,1,1,1,1,0,0,0,0,0,0,2,1
Broadway Suite New York,10001,130,7.5,7.6,7,7,7.1,7.1,9.4,8.9,0,0,0,0,0,1,1,0,1,1,0,0,1,0,0,1,0,0,0,1.5,1
CITY ROOMS NYC - Chelsea,10001,810,8,8.2,7.1,7.3,9,7.3,8.3,8.9,0,1,1,0,0,0,0,1,0,1,0,0,0,0,0,1,0,1,0,1.6,0
Manhattan Broadway Hotel,10018,1216,6.4,6.1,5.4,5.2,7.6,5.7,5.8,8.3,0,0,0,0,0,1,1,1,0,1,0,1,0,0,0,1,0,0,0,1.1,1
Chelsea Cabins,10001,2590,7.3,7.5,6,6.5,8.2,6.9,7.9,8.6,0,0,1,0,0,0,0,0,0,1,1,0,0,0,0,1,0,0,0,1.6,1
Two Bedroom Apartment - West 58th Street,10019,15,7.7,7.8,7.3,7.3,7.3,7.2,9.5,5,0,0,1,0,0,0,0,0,0,0,1,0,1,0,0,1,0,0,1,1650,2
Midtown Suite New York,10001,1099,6,5.3,5.7,5.3,5.6,5.8,7.2,8.3,0,0,1,0,0,1,0,0,0,1,1,0,1,0,0,1,0,0,0,1.5,1
Americana Inn,10018,1229,7.5,7.7,6.7,6.6,7.7,7.2,4.7,9.1,0,1,0,0,0,0,0,1,0,0,0,0,1,0,0,1,0,1,1,1.1,1
NY Away - Luxury Apartments in the Financial District,10005,23,6.1,6.3,6.1,6,5.3,5.4,7.5,7.5,0,0,0,1,0,1,0,0,1,1,0,1,1,0,0,0,0,0,0,4.3,1
Times Square West Midtown Apartment,10018,49,7.2,6.7,6.9,6.9,7.8,6.4,7.9,8.3,0,0,1,0,0,0,0,0,0,1,1,0,0,0,0,0,0,0,0,1.1,1
The Mansfield Hotel,10036,755,7.3,7.4,6.7,6.5,7.7,6.6,4.6,9,0,0,0,1,0,1,0,0,0,1,0,1,0,0,1,1,1,0,0,0.9,1
The Nomad Suites,10001,142,7.5,7.3,7.2,7.3,7.3,7.2,7.3,8.8,0,0,1,0,0,0,1,0,0,1,0,0,1,0,0,1,0,0,0,1.5,1
Studio Plus - Apartment Suites,10001,223,7.1,6.7,6.8,6.4,7.4,6.7,8.3,8.9,0,0,1,0,0,0,0,0,0,1,1,0,1,0,0,1,0,0,0,1.5,1
NYC apartments amazing location,10001,27,7.2,6.9,6.3,6.2,8,6.6,6.3,9,0,0,0,0,0,1,0,0,0,1,1,0,0,0,0,1,0,0,0,1.6,1
Midtown West Hotel,10001,1710,6.7,6.9,5.8,5.8,7.6,6.1,7.6,8.2,0,1,1,0,0,0,0,0,0,1,1,0,0,0,0,1,0,1,0,1.5,1
East Side 3 bedroom 2 bathroom (7),10022,22,7.7,8,6.7,6.8,8.3,7.2,10,9,0,0,1,0,0,1,0,0,1,1,0,0,1,0,0,1,0,0,0,1.1,1
Luxury 2B/1B UWS GEM,10025,9,7.1,6.7,5.6,7,7.5,6.7,9.2,1,0,0,1,0,0,0,0,0,1,1,0,1,1,0,0,1,0,0,0,2.1,2
Blue Moon Boutique Hostel & Hotel,10002,1439,7.7,8.3,7.5,7.4,7.5,7.5,8.5,8.2,0,1,0,0,0,1,1,0,0,1,0,0,0,0,0,1,0,1,0,3.1,1
Hotel 91,10002,1428,7.4,7.8,7.2,7,8,7.4,8.4,7.2,0,0,0,0,0,1,1,1,0,1,0,0,0,1,0,0,0,1,0,3.7,1
Two Bedroom Apartment - Between Park Ave & Lexington Avenue - Midtown East,10016,73,6.4,7.3,5.8,5.4,6,5.9,7.2,8.1,0,1,0,0,0,1,0,1,0,1,0,0,1,0,0,1,0,0,0,1.8,1
Renaissance New York Hotel 57,10022,663,7.9,8.3,7.7,7.2,8.4,7.2,5.2,8.7,0,0,0,1,0,1,1,0,0,1,0,1,0,0,0,1,0,0,0,0.8,0
Lovely Two Bedroom Apt,10031,21,7.1,7.3,7,7.4,7,7,8.8,6.7,0,0,1,0,0,1,0,0,0,1,1,0,0,0,1,0,1,0,0,3.7,1
The Melva Inn,10027,11,6.6,6.1,6.4,6.1,7.3,5.9,10,7.5,0,0,0,0,0,0,0,1,0,1,1,0,0,0,0,1,0,0,0,3.1,1
Jazz on the Park Youth Hostel,10025,1640,6.7,6.3,6.2,6.1,7.4,6.5,6.7,7.8,0,0,1,0,0,0,0,0,0,1,1,0,0,0,0,1,0,1,0,2.4,1
Steps from Times Square Central Park BEAUTIFUL 2 BDR APT,10019,29,7.4,7.1,7.2,6.8,7.6,7.1,9.2,8.5,0,0,1,0,0,1,0,0,0,1,1,0,0,0,0,1,0,0,0,1650,1
Great Location Midtown East 35th Street and Third Ave,10016,34,6.6,7,6.2,6.3,6.4,6.2,6.7,7.5,0,1,0,0,0,0,0,1,0,1,0,0,1,0,0,1,0,0,0,1.6,1
Carlton Arms Hotel,10010,809,7.2,6.8,6.5,6.2,7.9,7.4,7.9,8.7,0,0,1,0,0,0,0,0,0,1,1,0,0,0,0,1,0,1,0,2,1
Studio in Times Square,10036,441,6,5.6,5.4,5.3,5.3,6,6.9,8.6,0,0,1,0,0,1,0,0,0,1,1,0,0,0,0,1,0,0,0,0.7,1
NYC Best apartment near the UN,10022,14,6.2,5.5,6.1,5.9,6.3,5.5,6.7,7.7,0,1,0,0,0,1,0,1,1,1,0,0,0,0,0,1,0,0,0,1.2,1
Broadway Hotel & Hostel,10025,3339,7.1,7,6.4,6.4,7.9,6.9,6.7,7.9,0,1,1,0,0,0,0,1,0,1,0,0,0,0,0,1,0,1,0,2.2,1
Comfort 5 Min Times SQ,10019,9,8.9,8.6,8.9,8.3,8.9,8.6,10,10,0,0,1,0,0,1,0,0,0,1,1,0,0,0,0,0,0,0,0,1800,0
U.S. Pacific Hotel,10013,1626,6.3,6.1,5.3,5.5,6.7,6.5,6.8,7.4,0,0,1,0,1,1,0,0,0,1,0,0,0,0,0,1,0,1,0,3.1,1
Midtown 60th Street Apartment,10022,22,6.4,6,5.7,6.3,6.7,6.6,10,7.2,0,0,0,0,0,1,0,0,0,1,1,0,0,0,0,1,1,0,0,1.1,1
3 blocks from Times Square and quick walk to Central Park,10019,9,6.6,6.7,5.6,5.8,7.5,6.1,2.5,8.1,0,0,1,0,0,0,0,0,0,1,0,0,1,0,0,1,0,0,0,0.7,1
Hamilton Heights 4 Bedroom,10031,11,6.4,7.1,6.6,5.9,6.6,6.6,10,5.7,0,0,0,0,0,1,0,0,0,1,0,0,0,0,1,1,1,0,0,3.7,1
The Ideal 3 Bedroom Getaway by Central Park UWS,10025,44,6.7,6.8,6.7,6,6.3,6.6,10,7.6,0,0,1,0,0,1,0,0,0,1,0,1,1,1,0,0,0,0,0,2,1
BRAND NEW ULTRA MODERN NOMAD PARK AVENUE(31 AND PARK) 800 FT 2BR 1BA W/D ELEVATOR!,10016,10,7.8,7.8,7.8,8,7.5,7,8.5,3,0,0,0,0,0,0,0,0,0,1,0,1,0,0,0,0,0,0,0,1.6,2
Hotel 309,10014,1564,6.3,5.7,5.6,5.6,6.9,6,6.9,8.1,0,0,1,0,0,1,0,0,0,1,1,0,0,0,0,1,0,1,0,2.2,1
3 Bedroom modern apartment - Times Square,10018,10,7.6,7.8,7.3,7.3,7.8,7,8.5,2,0,0,1,0,0,1,0,0,0,1,1,0,0,0,0,0,0,0,0,1,2
Upper East One Bedroom Apartment,10028,23,6.4,6.6,6.4,6.1,6.1,5.8,7.2,3,0,1,1,0,0,0,0,1,1,1,0,1,0,0,0,0,0,0,0,1.8,2
Windsor Hotel,10002,961,6.2,5.5,5.9,5.6,6.9,6.2,7,7.5,0,0,0,0,0,1,0,0,0,1,0,0,1,1,0,1,0,1,0,3.1,1
Hotel Five44,10036,56,7.3,6.6,6.9,6.8,7.8,7.2,8.3,8.3,0,1,0,0,0,0,0,0,0,1,0,0,0,0,0,1,0,0,0,0.7,1
Chelsea Art Suites,10011,70,6.9,6.4,6.1,6,7.6,7,7.1,8.6,0,0,1,0,0,0,0,1,0,1,1,0,0,0,1,1,0,0,0,2.2,1
East Side 3 Bedroom and 2 Bathroom Apartment (3),10022,22,7.8,8,7.2,7.6,8.2,7.4,10,8.6,0,0,1,0,0,1,0,0,1,1,0,0,1,0,0,1,0,0,0,1.1,0
Clarion Hotel Park Avenue,10016,256,7.6,7.8,6.8,6.8,8.2,7,7.5,8.7,0,0,0,0,0,0,1,0,0,1,0,0,1,0,0,1,0,1,0,1.7,1
Lord & Moris,10018,14,6.7,6.8,6.4,5.7,7,5.9,8.6,4,0,0,0,0,1,0,1,0,0,1,1,0,0,0,0,1,0,1,0,1,2
Morningside Inn,10025,686,5.6,5.3,5,4.8,5.9,5.5,5.8,7,0,0,0,0,1,1,1,0,0,1,0,0,0,0,0,1,0,1,0,2.5,1
Harlem YMCA,10030,1068,7.1,7.1,6.3,6.7,7.7,7.4,6.2,7.3,0,0,0,0,0,0,1,0,0,1,0,0,0,1,0,1,0,0,0,3.7,1
Luxurious Three Bedroom Apartment,10031,15,6.3,6.3,5.7,6,7,6,8.8,6.7,0,0,1,0,0,1,0,1,0,1,1,0,0,0,0,0,0,0,0,4.3,1
Canal Loft Hostel & Hotel,10002,209,7.6,8.3,7.5,7.3,7.7,7.4,8.5,7.6,0,1,0,0,0,0,1,0,0,1,0,0,0,0,0,1,0,1,0,3.7,1
The Franklin Hotel,10128,756,7.3,7.7,6.9,6.3,7.9,6.6,6.3,8.3,0,1,0,0,0,0,1,0,0,1,0,1,0,0,0,1,0,1,0,1.6,1
Royal Park Hotel & Hostel,10025,1571,6.8,6.6,6.2,6,7.6,6.5,7.1,7.8,0,0,1,0,0,1,0,0,0,1,0,0,1,0,0,1,0,1,0,2,1
#1Midtown Manhattan Loft Apartment,10010,24,7.6,7.8,6.9,7.4,8.2,6.9,10,8.6,0,0,1,0,0,1,0,0,0,1,1,0,1,0,0,1,0,0,0,2,1
Executive Class at MTS Hotel,10019,143,7.3,7.4,7.4,6.7,7.1,6.3,8,8.7,0,1,0,0,0,0,0,0,1,1,0,0,1,0,0,1,0,1,0,2300,1
Central Park West Hostel,10024,1893,6.1,5.4,5.3,5.3,6.5,6.1,6.4,7.7,0,0,0,0,0,0,0,1,1,1,0,0,1,0,0,1,0,1,0,1.5,1
Renovated Midtown East Apartments,10022,37,6.5,6.5,5.9,6.2,6.2,6.3,7.5,8.1,0,0,1,0,0,1,0,1,0,1,1,0,0,0,0,1,0,0,0,1.1,1
Cozy Two Bed Apt in Murray Hill,10016,5,6.7,6.5,5.5,5.5,7,7,8.5,1,0,0,0,0,0,1,0,1,0,1,1,0,0,0,1,1,0,0,0,1.7,2
New York Apartments,10001,213,6.7,6.6,6.2,6.1,6.3,6.2,7.2,8.6,0,0,0,0,0,0,1,1,1,1,0,0,1,0,0,1,0,0,0,1.5,1
Four Bedroom Apartment - Eldridge St. #38,10002,26,6.9,7.5,6.4,6.6,7,7,6.7,3,0,0,1,0,0,0,0,1,0,1,1,0,0,0,0,1,0,0,0,3.7,2
NY Away - The ideal Family & Friends 4 Bedrooms / 4 Bathrooms in Manhattan,10022,22,6.5,6.3,6,6.7,6.3,5.8,10,7.7,0,0,1,0,0,1,0,0,0,1,1,1,0,0,0,0,0,0,0,1.2,1
Interfaith Retreats,10001,661,7.9,8.1,6.6,7.1,8.9,7.5,8.8,9,0,0,1,0,0,0,0,0,0,1,1,0,0,0,0,1,0,1,0,1.6,1
Mid Town East 28th Street Apartments Next to Times Square,10016,98,6.5,6.9,6,5.7,6.7,5.7,8,8,0,0,1,0,0,1,0,0,0,1,1,0,0,0,0,0,0,0,0,1.8,1
Gramercy Park Apartments,10010,77,7.3,7.3,7,6.6,7.4,6.8,7.3,8.5,0,1,1,0,0,0,0,1,0,1,1,1,0,0,0,0,0,0,0,2.2,1
The Harlem Flophouse,10027,6,6.9,7.1,6.7,6.3,7.1,6.7,7.5,2,0,0,1,0,0,0,0,0,0,1,0,0,0,0,0,1,0,0,0,3.1,2
Luxury One Bedroom Apartment - Garment District,10018,5,7.1,7.5,6.9,6.3,6.9,6.3,8.5,2,0,0,0,1,0,1,1,0,0,1,0,1,0,0,1,1,0,0,0,1.1,2
Park Ave Apartments Midtown Next to Times Square,10016,72,6.4,6.7,5.6,5.8,6.6,5.5,8.8,8.1,0,0,1,0,0,1,0,0,0,1,1,0,0,0,0,1,0,0,0,1.8,1
Hello Broadway,10010,79,6.7,6.4,6,6.1,6.8,6.1,8.3,8.6,0,0,1,0,0,1,0,1,0,1,0,0,1,0,0,1,0,0,0,1.5,1
Redford Hotel,10002,419,6.9,6.7,6.6,6.4,7.2,6.7,8.1,7.9,0,0,0,0,0,0,1,0,0,1,0,0,0,1,0,1,0,1,0,3.1,1
Hamilton Heights Beauty,10031,10,5.5,5,4.8,5.5,6.8,5,10,6,0,0,0,0,0,0,0,0,0,1,0,0,0,0,0,1,0,0,0,3.7,1
Lincoln Center Luxury Apartments,10023,31,7.5,8.2,7.7,7.5,6.3,7.4,6.9,8.2,0,0,1,1,0,1,0,0,0,1,0,1,1,0,0,0,0,0,0,0.6,1
Washington Heights Apartment,10032,27,5.6,5.2,5.5,5.5,6.6,5.2,10,5.3,0,0,0,0,0,0,0,0,0,1,0,0,0,0,0,1,0,0,0,5,1
Candy Hill Harlem,10031,74,7.4,7.2,7.5,7.3,7.7,7.3,7.8,7.2,0,0,0,0,0,0,1,0,1,1,0,1,0,0,0,1,0,0,0,3.7,1
Yorkville Apartments -Upper East Side,10128,101,6.6,6.3,6.6,6.2,6.9,6.1,8.9,7.7,0,0,1,0,0,1,0,1,0,1,1,0,0,0,0,1,0,0,0,1.8,1
Beautiful Downtown Apartments NYC,10012,5,6,5.5,5.5,4.5,6.5,5.5,8.5,1,0,0,0,0,0,0,0,0,0,1,1,0,0,0,0,0,0,0,0,2.9,2
Central Affordable Three Bedroom Apartment,10016,30,6.8,6,6.8,6.5,6.5,6.3,8.8,8.7,0,0,1,0,0,1,0,0,0,1,1,0,0,0,0,0,0,0,0,1.8,1
Midtown East Apartments,10022,52,7.9,8.1,7.6,7.5,8.1,7.4,9.1,8.7,0,1,0,0,0,0,0,1,0,1,0,1,1,0,0,0,1,0,0,1.1,0
Central Park Studios,10023,99,7.3,5.9,6.7,6.6,7.9,7.6,9.3,9.2,0,0,1,0,0,0,0,0,1,1,1,1,0,0,0,0,0,0,0,0.8,1
One Bedroom Apartment - Allen Street # 28,10002,27,7.1,6.9,6.8,7,7.1,6.8,7.5,8.3,0,0,1,0,0,0,0,1,0,1,1,0,0,0,0,1,0,0,0,3.1,1
The Bowery House,10012,2473,6.5,6.4,5.3,5.8,7.7,5.9,7.3,7.7,0,1,0,0,0,0,0,1,0,1,0,0,0,0,0,1,0,1,0,3.1,1
Studio Plus - One-Bedroom APT,10001,74,7.3,7,7,6.6,7.4,7,8.3,8.9,0,0,1,0,0,0,0,0,0,1,1,0,1,0,0,1,0,0,0,1.5,1
The Grand NYC Apartments,10001,1365,5.3,5,4.8,4.4,5.1,4.9,3.5,7.8,0,0,1,0,0,1,0,0,1,1,1,1,0,0,0,0,0,0,0,1.5,1
Cosy 1 Bed Apartment Midtown West near Hell's Kitchen & Macy's,10018,5,4.8,4,4.5,3.5,4.5,4.5,8,0,0,0,0,0,0,0,1,0,0,1,1,0,0,0,0,0,0,0,0,1.1,2
Studio Apartments - West 31st Street,10001,114,6,5.3,5.7,5.3,5.7,5.6,7.5,8.1,0,0,1,0,0,1,0,0,0,1,1,0,1,0,0,0,0,0,0,1.5,1
Hamilton Heights: Renovated Apartments,10031,12,5.3,5.2,5,4.6,5.8,5.4,6.3,5.6,0,0,1,0,0,1,0,0,0,1,1,0,0,0,0,0,0,0,0,3.7,1
"Two-Bedroom Apartment, Express Subway at Columbia Hospital",10032,21,7.4,8,7.9,7.3,7.3,7,9.2,6.9,0,0,0,0,0,0,0,0,0,1,0,0,0,0,0,1,0,0,0,5,1
Gramercy Superior Apartments,10010,27,6.4,6,6.1,6.2,6.5,5.9,7.5,7.7,0,0,0,0,0,1,0,1,0,1,1,0,0,0,0,1,0,0,0,1.9,1
NY Away - Financial District 2-Bedrooms - 608,10005,15,7,7.5,7.3,7.3,6.1,6.5,7.5,7.3,0,0,1,1,0,1,0,0,0,1,1,0,1,0,0,0,0,0,0,4.3,1
CoHost Homes,10040,5,6.3,7.5,6.5,5.5,7.5,6,5,1,0,1,1,0,0,0,0,0,0,1,1,0,0,0,0,1,0,0,0,6.8,2
Renovated Studio Loft Downtown NYC #43,10002,24,7.3,7.8,6.5,7.3,8,7,9.2,7.4,0,0,1,0,0,0,0,1,0,1,1,0,0,0,0,1,0,0,0,3.7,1
Upper East Suites,10128,11,7.4,6.4,7.5,6.8,7.5,7.5,8.6,2,0,0,0,0,0,0,0,1,0,1,1,0,0,0,0,1,0,0,0,2.1,2
668 6th Ave 3rd floor,10010,10,7,5.5,6.8,6.5,8,6.5,8.8,2,0,0,1,0,0,0,0,0,0,1,1,0,0,0,0,0,0,0,0,2,2
Luxury Living Suites,10027,6,6.7,7.1,6.3,6.3,7.1,6.7,7.1,1,0,0,0,0,0,1,1,0,0,1,0,1,0,0,0,0,0,0,0,3.1,2
Loft 109,10025,120,7.3,7.2,6.7,6.6,8.3,6.7,8.3,8.3,0,0,1,0,0,0,0,0,0,1,1,0,0,0,0,1,0,0,0,2.6,1
Studio Apartment - Financial District,10005,32,6.5,6,6.6,6.8,6.4,5.7,7.5,7.7,0,0,0,1,0,1,1,0,0,1,0,1,0,0,0,1,0,0,0,4.3,1
Stylish Upper East Side 2 bed 2 bath,10021,11,7.6,8.2,6.4,7.5,8.4,6.6,10,8.6,0,0,0,0,0,1,1,0,0,1,0,0,0,0,1,1,1,0,0,1.4,1
